Size (bp),G1: 10454879 	Wang	Ph0,G2: 10454879 	Wang	Ph1,G3: 10454879 	Wang	Ph2,G4: 10454879 	Wang	Ctrl,G5: 10454879 	Wang	FoxA
0.58,767.98,756.82,796.76,800.21,830.52
1.00,677.15,772.36,676.04,896.59,797.00
2.00,586.32,665.62,555.31,844.81,763.48
2.42,450.78,558.88,414.93,793.02,627.01
2.84,315.24,422.16,274.55,642.01,490.53
3.26,224.09,285.45,193.28,491.01,359.89
3.68,132.94,200.65,112.01,357.52,229.25
4.10,99.25,115.85,86.20,224.03,163.22
4.52,65.57,86.64,60.40,161.10,97.19
4.94,58.76,57.42,56.33,98.16,78.67
5.36,51.95,51.95,52.25,82.22,60.16
5.79,50.57,46.48,51.45,66.28,57.05
6.21,49.19,45.42,50.66,64.04,53.94
6.63,47.34,44.36,48.27,61.81,50.84
7.05,45.48,42.84,45.88,60.18,48.02
7.47,38.47,41.31,41.08,58.54,45.20
7.89,33.75,35.60,36.27,55.06,40.81
8.31,29.04,31.89,25.09,51.57,36.42
8.73,24.67,28.19,20.92,41.19,31.52
9.15,20.29,24.90,16.75,36.00,26.62
9.57,16.90,21.60,14.10,30.82,22.45
9.99,13.51,18.90,11.46,27.08,18.28
10.41,10.81,16.20,9.18,23.34,14.96
10.83,8.11,13.41,6.91,20.48,11.64
11.25,6.03,10.62,4.91,17.61,8.91
11.67,3.94,7.95,2.92,14.68,6.19
12.09,2.56,5.28,1.80,11.74,4.18
12.52,1.17,3.51,0.68,9.10,2.17
12.94,0.59,1.73,0.34,6.45,1.09
13.36,0.00,0.87,0.00,4.69,0.00
13.78,0.24,0.00,0.02,2.93,0.00
14.20,0.48,0.00,0.04,1.92,0.00
14.62,1.06,0.00,0.02,0.92,0.65
15.04,1.64,0.00,0.00,0.46,1.29
15.46,1.94,0.00,0.02,0.00,1.89
15.88,2.25,0.00,0.05,0.00,2.49
16.30,2.03,0.00,0.27,0.00,2.52
16.72,1.81,0.38,0.48,0.39,2.55
17.14,1.28,0.77,0.49,0.77,2.25
17.56,0.76,2.07,0.50,0.97,1.95
17.98,0.50,3.38,0.27,1.17,1.99
18.40,0.24,6.22,0.05,0.87,2.57
18.82,0.58,9.05,0.02,0.57,3.14
19.24,0.93,13.89,0.00,0.29,3.82
19.67,1.45,18.73,0.13,0.00,4.49
20.09,1.97,23.97,0.26,0.08,4.74
20.51,1.86,29.21,0.13,0.17,4.99
20.93,1.12,33.15,0.00,1.72,4.72
21.35,0.38,29.72,0.00,3.27,4.45
21.77,0.19,26.29,0.00,5.21,3.70
22.19,0.00,19.35,1.19,7.14,2.95
22.61,1.65,12.40,2.39,7.45,1.84
23.03,3.30,6.20,9.06,7.76,0.72
23.45,7.43,0.00,12.68,5.91,0.36
23.87,11.56,0.00,16.31,4.07,0.00
24.29,15.16,0.00,17.23,0.00,1.98
24.71,18.76,5.60,18.15,0.00,3.97
25.13,18.73,11.20,15.68,0.00,9.10
25.55,18.69,21.97,13.21,4.13,14.23
25.97,15.27,32.74,9.68,8.26,20.12
26.39,11.85,41.78,6.16,16.07,26.01
26.82,7.93,50.82,3.82,23.88,28.92
27.24,4.01,53.09,1.49,29.17,31.83
27.66,2.01,55.36,0.74,34.47,30.59
28.08,0.00,53.71,0.00,32.18,29.35
28.50,0.84,52.06,0.83,29.89,23.81
28.92,1.68,53.57,1.66,22.01,22.68
29.34,4.21,55.08,3.14,14.13,21.54
29.76,6.74,62.05,4.63,7.07,22.77
30.18,9.08,69.03,5.93,0.00,23.99
30.60,11.41,76.13,7.24,0.83,26.11
31.02,12.10,83.24,8.17,1.66,28.22
31.44,12.79,84.80,9.11,5.14,29.50
31.86,12.70,86.36,10.60,8.63,30.77
32.28,12.60,85.71,12.10,12.15,31.46
32.70,15.87,85.07,15.25,15.66,32.16
33.12,20.97,93.21,18.39,20.49,35.09
33.55,26.07,101.36,23.32,25.31,38.03
33.97,34.10,147.88,28.24,36.97,46.14
34.39,42.14,178.96,33.45,48.62,54.26
34.81,49.99,210.03,38.66,71.66,66.81
35.23,57.84,231.68,41.96,94.70,79.37
35.65,61.52,253.34,45.26,124.46,90.42
36.07,65.19,252.48,45.96,154.21,101.47
36.49,63.75,251.63,46.66,174.65,104.48
36.91,62.31,231.83,46.14,195.08,107.49
37.33,58.97,212.04,45.62,193.02,102.35
37.75,55.64,189.47,45.16,190.96,97.22
38.17,54.01,166.91,45.95,172.51,90.01
38.59,52.38,154.69,46.73,154.06,82.81
39.01,53.52,142.48,48.91,121.29,74.92
39.43,54.67,143.10,51.09,117.75,75.59
39.85,57.84,143.73,54.49,114.21,76.27
40.27,61.02,151.27,57.90,121.45,80.19
40.70,64.78,158.81,61.77,128.70,84.12
41.12,68.55,164.75,65.63,139.50,88.86
41.54,71.91,170.69,70.30,150.30,93.60
41.96,75.26,172.10,74.96,158.61,97.35
42.38,79.72,173.51,82.79,166.92,101.11
42.80,84.19,177.73,90.62,172.68,105.63
43.22,93.44,181.96,103.87,178.44,110.16
43.64,102.69,198.57,117.12,189.09,119.77
44.06,118.16,215.19,135.13,199.75,129.37
44.48,133.64,244.12,153.14,223.37,145.72
44.90,152.33,273.04,172.40,246.99,162.07
45.32,171.02,304.02,191.65,282.81,181.53
45.74,207.65,335.01,208.47,318.64,200.98
46.16,224.90,357.35,225.28,355.49,217.52
46.58,242.15,379.69,238.26,392.35,234.05
47.00,258.96,400.26,251.25,417.77,244.46
47.42,275.77,402.20,261.84,443.18,254.86
47.85,291.23,404.13,272.44,454.59,261.40
48.27,306.69,402.68,282.27,465.99,267.95
48.69,316.90,401.22,292.09,471.29,274.90
49.11,327.10,395.67,299.17,476.59,281.86
49.53,325.49,390.11,306.25,482.70,288.22
49.95,323.87,374.35,305.51,488.82,294.57
50.37,306.96,358.59,304.77,491.95,291.50
50.79,290.04,331.17,293.24,495.09,277.73
51.21,263.53,303.74,281.70,485.78,263.97
51.63,237.03,273.19,262.56,476.46,242.94
52.05,212.01,242.63,243.41,452.19,221.91
52.47,186.98,219.21,206.05,427.92,202.35
52.89,171.03,195.80,194.70,396.67,182.78
53.31,155.08,182.55,183.35,365.41,169.52
53.73,149.49,169.31,180.05,338.55,156.26
54.15,143.90,162.86,176.75,311.69,149.32
54.58,145.83,156.41,178.33,280.13,142.39
55.00,147.75,153.50,179.91,274.60,139.68
55.42,153.21,150.60,184.42,269.08,136.96
55.84,158.68,153.70,188.93,269.54,137.01
56.26,165.74,156.81,196.52,270.01,137.07
56.68,172.81,169.20,204.12,274.24,140.22
57.10,182.29,181.59,214.08,278.47,143.37
57.52,191.78,202.02,224.04,286.35,150.63
57.94,203.62,222.44,233.22,294.24,157.88
58.36,215.46,241.20,242.40,304.47,167.75
58.78,235.67,259.97,248.12,314.70,177.61
59.20,239.33,267.04,253.85,323.92,185.78
59.62,243.00,274.11,257.56,333.13,193.95
60.04,240.85,268.56,261.26,339.47,197.31
60.46,238.69,263.00,266.64,345.81,200.68
60.88,235.86,241.25,272.02,351.69,200.69
61.30,233.03,232.63,279.98,357.57,201.29
61.73,232.51,224.00,287.93,366.17,201.90
62.15,231.98,220.19,296.93,374.77,204.46
62.57,232.64,216.37,305.93,385.15,207.02
62.99,233.29,218.07,317.39,395.52,209.20
63.41,235.41,219.77,328.84,404.84,211.39
63.83,237.54,224.54,346.64,414.16,212.21
64.25,245.30,229.31,364.45,423.79,213.04
64.67,253.06,237.93,389.25,433.42,215.82
65.09,269.03,246.55,414.06,448.42,218.60
65.51,285.01,258.58,443.15,463.42,226.88
65.93,306.91,270.61,472.23,486.44,235.17
66.35,328.81,283.42,501.73,509.46,249.02
66.77,351.43,296.23,531.23,539.12,262.87
67.19,374.06,305.89,578.70,568.78,279.35
67.61,391.39,315.55,593.23,600.56,295.83
68.03,408.72,320.08,607.76,632.34,309.86
68.45,418.70,324.61,619.48,658.19,323.90
68.88,428.68,327.83,631.20,684.05,331.29
69.30,436.82,331.05,647.30,699.41,338.68
69.72,444.95,338.44,663.41,714.78,340.97
70.14,456.34,345.83,676.95,738.16,343.26
70.56,467.72,354.56,690.50,754.07,345.11
70.98,485.73,363.30,684.88,769.98,346.96
71.40,480.12,361.70,679.25,781.40,347.88
71.82,474.52,360.11,647.95,792.82,348.80
72.24,450.17,340.66,616.66,779.61,336.58
72.66,425.83,321.20,573.31,766.40,320.21
73.08,393.86,291.12,529.96,723.03,303.84
73.50,361.89,261.03,496.83,679.66,282.96
73.92,338.60,210.91,463.71,626.55,262.08
74.34,315.31,199.27,450.50,573.45,246.86
74.76,305.92,187.62,437.29,536.55,231.64
75.18,296.54,184.51,432.55,499.66,225.69
75.61,291.66,181.39,427.82,484.09,219.74
76.03,286.78,176.92,414.32,468.51,216.28
76.45,275.35,172.45,400.82,458.22,212.83
76.87,263.92,162.68,376.98,447.93,203.58
77.29,246.24,152.91,353.15,428.71,194.34
77.71,228.55,142.35,333.46,409.50,179.63
78.13,214.66,131.80,313.77,385.10,164.93
78.55,200.76,128.37,311.80,360.71,152.31
78.97,200.36,124.94,309.84,344.74,139.70
79.39,199.95,133.28,329.31,328.78,135.75
79.81,216.71,141.62,348.79,329.31,131.80
80.23,233.46,158.62,386.85,329.85,139.49
80.65,263.80,175.62,424.91,347.38,147.17
81.07,294.14,192.42,525.23,364.92,164.64
81.49,329.24,209.22,576.85,397.25,182.12
81.91,364.34,219.45,628.48,429.58,205.14
82.33,396.06,229.69,665.64,471.35,228.15
82.76,427.77,232.52,702.81,513.12,272.54
83.18,448.86,235.34,709.35,553.77,286.98
83.60,469.95,230.39,715.89,594.41,301.41
84.02,471.20,225.44,691.84,619.53,301.98
84.44,449.32,212.87,667.79,644.65,302.55
84.86,427.43,200.30,635.96,641.69,289.64
85.28,399.34,186.12,604.12,618.49,276.74
85.70,371.26,171.95,586.11,595.28,260.85
86.12,355.13,163.76,568.09,571.00,244.96
86.54,339.00,155.56,560.12,546.71,236.91
86.96,333.34,150.22,552.15,535.27,228.86
87.38,327.68,146.66,536.22,523.83,227.63
87.80,318.50,143.09,520.30,518.01,226.40
88.22,309.32,135.33,489.12,512.20,222.75
88.64,289.67,127.56,457.94,497.95,219.10
89.06,270.02,116.62,418.81,483.70,207.95
89.48,244.01,105.69,379.69,457.65,196.79
89.91,218.01,92.87,342.28,431.60,180.64
90.33,192.52,80.05,304.88,399.92,164.49
90.75,167.04,66.46,273.73,368.23,147.83
91.17,145.72,52.87,242.58,337.58,131.17
91.59,124.39,40.89,218.44,306.93,116.22
92.01,108.06,28.91,194.30,280.81,101.26
92.43,91.72,20.59,176.78,254.69,88.75
92.85,80.23,12.27,159.27,234.32,76.23
93.27,68.73,7.49,147.35,213.95,57.16
93.69,61.26,2.72,135.44,199.02,50.74
94.11,53.80,1.36,128.11,184.09,44.33
94.53,50.58,0.00,120.78,173.36,40.89
94.95,47.36,5.78,118.86,162.62,37.46
95.37,53.52,11.55,116.94,155.64,37.35
95.79,59.68,30.02,128.21,148.66,37.24
96.21,101.11,48.48,140.05,146.68,41.46
96.64,132.88,76.59,151.90,144.70,45.68
97.06,164.65,104.71,162.64,148.51,54.00
97.48,188.34,125.65,173.38,152.31,62.32
97.90,212.04,146.59,176.19,159.46,70.82
98.32,211.05,145.80,178.99,166.60,79.32
98.74,210.05,145.02,175.11,171.96,82.50
99.16,191.85,128.78,171.23,177.31,85.68
99.58,173.65,112.54,167.09,177.63,82.64
100.00,159.39,85.81,162.95,177.95,79.59
101.00,145.14,83.71,161.60,171.92,75.11
101.56,143.66,81.60,160.26,169.29,70.62
102.12,142.17,84.93,159.20,166.65,69.24
102.69,146.18,88.26,158.13,165.43,67.86
103.25,150.18,88.25,153.31,164.21,69.50
103.81,149.96,88.24,148.48,162.42,71.14
104.37,149.75,82.25,138.34,160.64,72.26
104.94,142.27,76.26,128.20,155.98,73.38
105.50,134.78,67.79,114.91,151.32,70.60
106.06,124.01,59.31,101.62,143.29,67.83
106.62,113.24,52.39,88.90,135.26,54.21
107.19,105.48,45.48,76.18,125.63,46.25
107.75,97.72,41.35,66.30,116.00,38.29
108.31,95.63,37.22,56.42,107.38,32.13
108.87,93.54,34.56,49.39,98.76,25.98
109.44,93.70,31.90,42.36,92.56,22.41
110.00,93.87,28.31,36.88,86.35,18.84
110.56,90.50,24.71,31.40,82.11,16.59
111.12,87.14,19.53,26.26,77.87,14.34
111.69,78.71,14.35,21.12,74.42,11.97
112.25,70.29,9.51,16.20,70.96,9.61
112.81,50.98,4.67,11.28,67.63,7.09
113.37,44.36,2.33,7.38,64.31,4.58
113.94,37.73,0.00,3.48,61.29,2.73
114.50,36.68,2.45,0.00,58.27,0.89
115.06,35.63,4.90,3.06,56.20,0.44
115.62,43.23,14.23,6.11,54.14,0.00
116.19,50.82,23.55,12.19,53.63,2.28
116.75,66.58,39.19,18.27,53.13,4.56
117.31,82.33,54.83,25.05,54.30,9.38
117.87,100.60,70.38,31.83,55.47,14.20
118.44,118.87,85.92,36.84,57.81,20.05
119.00,131.88,104.65,41.86,60.15,25.89
119.56,144.89,110.22,45.48,62.64,30.03
120.12,153.13,115.79,49.10,65.12,34.17
120.69,161.37,121.86,52.82,66.93,37.27
121.25,170.71,127.94,56.54,68.74,38.10
121.81,180.05,128.50,58.88,71.76,38.94
122.37,185.64,129.06,61.22,73.44,39.96
122.94,191.23,115.58,59.35,75.12,40.98
123.50,180.38,102.10,57.49,75.62,39.84
124.06,169.53,79.99,52.47,76.12,38.70
124.62,143.57,57.88,47.46,74.03,33.95
125.19,117.61,40.72,43.27,71.95,29.19
125.75,92.62,23.56,39.07,68.38,23.55
126.31,67.64,16.33,37.12,64.81,17.91
126.87,53.47,9.09,35.17,61.90,14.68
127.44,39.30,7.60,33.82,58.99,11.45
128.00,33.13,6.12,32.46,57.13,10.70
128.56,26.96,6.19,30.82,55.27,9.94
129.12,23.83,6.27,29.18,53.50,10.00
129.69,20.69,6.28,27.86,51.74,10.06
130.25,16.93,6.28,26.53,49.62,10.05
130.81,15.46,5.60,25.29,47.50,10.03
131.37,13.98,4.92,24.05,45.40,9.72
131.94,12.04,3.71,21.86,43.29,9.41
132.50,10.10,2.51,19.68,41.49,8.75
133.06,7.81,1.54,16.69,39.69,8.09
133.62,5.51,0.57,13.70,37.94,7.24
134.19,3.73,0.28,9.31,36.20,6.39
134.75,1.94,0.00,9.31,34.38,5.37
135.31,1.11,0.00,9.30,32.56,4.34
135.87,0.28,0.00,11.15,31.05,1.84
136.44,0.23,0.63,13.01,29.54,0.92
137.00,0.19,1.74,15.00,28.73,0.00
137.56,0.63,2.85,17.00,27.92,0.00
138.12,1.07,4.18,17.88,27.82,0.00
138.69,1.73,5.51,18.77,27.71,1.05
139.25,2.39,6.20,18.68,27.81,2.10
139.81,3.06,6.88,18.60,27.91,3.19
140.37,3.72,6.68,17.98,27.66,4.29
140.94,4.11,6.48,17.37,27.42,4.56
141.50,4.50,5.73,16.01,26.10,4.83
142.06,4.24,4.98,14.65,25.00,4.57
142.62,3.99,4.04,12.33,23.90,4.30
143.19,3.23,3.09,10.00,22.07,4.02
143.75,2.46,2.28,7.31,20.24,3.73
144.31,1.83,1.46,4.62,17.77,3.26
144.87,1.19,1.14,2.72,15.31,2.79
145.44,0.87,0.82,0.82,13.00,1.99
146.00,0.56,1.15,0.41,10.69,1.19
146.56,0.00,1.48,0.00,9.28,0.59
147.12,0.00,2.17,0.19,7.87,0.00
147.69,0.00,2.86,0.37,7.38,0.14
148.25,0.22,3.51,0.66,6.89,0.28
148.81,0.43,4.15,0.95,6.79,0.91
149.37,1.34,4.50,0.91,6.68,1.54
149.94,2.25,4.86,0.87,6.45,2.49
150.50,2.87,4.65,0.77,6.21,2.62
151.06,3.49,4.44,0.67,5.70,2.75
151.62,3.33,3.57,0.72,5.20,2.71
152.19,3.16,2.71,0.77,4.61,2.67
152.75,2.67,1.74,0.80,4.02,2.55
153.31,2.18,0.78,0.83,3.49,2.43
153.87,1.92,0.00,0.55,2.97,2.17
154.44,1.66,0.00,0.37,2.45,1.91
155.00,1.46,0.00,0.19,1.94,1.52
155.56,1.26,0.05,0.09,1.43,1.13
156.12,0.84,0.09,0.00,0.92,0.68
156.69,0.41,0.37,0.00,0.65,0.23
157.25,0.21,0.64,0.00,0.38,0.12
157.81,0.00,1.92,0.29,0.64,0.00
158.37,0.82,3.19,0.57,0.90,0.30
158.94,1.63,5.27,1.49,1.54,0.61
159.50,3.71,7.35,2.41,2.18,1.39
160.06,5.78,8.68,3.59,2.68,2.18
160.62,8.03,10.01,4.78,3.19,2.77
161.19,10.27,9.63,5.37,3.38,3.36
161.75,10.93,9.26,5.96,3.57,3.52
162.31,11.59,7.93,5.32,3.55,3.67
162.87,10.14,6.60,4.69,3.24,3.47
163.44,8.70,5.38,3.28,2.93,3.26
164.00,4.19,4.15,1.87,2.32,2.37
164.56,2.58,3.31,0.93,1.70,1.82
165.12,0.98,2.48,0.00,1.11,1.27
165.69,0.49,2.04,0.00,0.52,0.79
166.25,0.00,1.60,0.00,0.26,0.32
166.81,0.20,1.46,0.44,0.00,0.16
167.37,0.40,1.31,0.88,0.00,0.00
167.94,0.80,1.07,1.30,0.00,0.00
168.50,1.19,0.83,1.71,0.00,0.00
169.06,1.28,0.43,1.82,0.00,0.00
169.62,1.37,0.03,1.94,0.00,0.00
170.19,1.11,0.02,1.85,0.00,0.00
170.75,0.85,0.00,1.77,-0.19,0.00
171.31,0.52,0.31,1.69,-0.38,0.00
171.87,0.19,0.62,1.62,-0.67,0.00
172.44,0.10,2.02,1.59,-0.96,0.00
173.00,0.00,2.60,1.56,-1.06,0.00
173.56,0.02,3.19,1.53,-1.16,0.00
174.12,0.04,3.56,1.47,-1.16,0.00
174.69,0.11,3.93,1.41,-1.16,0.00
175.25,0.17,4.11,1.33,-1.24,0.00
175.81,0.16,4.28,1.26,-1.32,0.00
176.37,0.15,4.19,1.09,-1.45,0.00
176.94,0.07,4.09,0.92,-1.58,0.00
177.50,0.00,3.90,0.67,-1.51,0.00
178.06,0.00,3.71,0.42,-1.44,0.00
178.62,0.00,3.68,0.29,-1.06,0.00
179.19,0.43,3.66,0.15,-0.68,1.13
179.75,0.86,3.67,0.13,-0.34,2.03
180.31,1.95,3.68,0.10,0.00,2.93
180.87,2.18,3.62,0.05,0.00,3.37
181.44,2.40,3.55,0.00,0.00,3.81
182.00,2.62,4.09,0.08,-0.10,3.42
182.56,2.84,4.64,0.17,-0.21,3.02
183.12,4.18,7.40,1.15,-0.20,2.50
183.69,5.53,10.16,2.13,-0.10,1.98
184.25,9.66,17.29,4.45,0.00,2.38
184.81,13.79,24.41,6.78,0.12,2.78
185.37,22.99,37.44,10.48,0.24,4.59
185.94,32.18,50.47,14.19,1.05,6.41
186.50,47.83,67.59,18.59,1.86,9.71
187.06,63.48,84.72,22.98,3.41,13.01
187.62,82.10,98.98,26.31,4.95,17.42
188.19,100.73,113.23,29.63,6.57,21.83
188.75,113.50,116.95,30.19,8.19,25.94
189.31,126.27,120.67,30.75,8.97,30.06
189.87,126.66,105.71,28.59,9.75,31.95
190.44,127.05,92.89,26.43,9.23,33.83
191.00,117.18,80.08,23.09,8.71,32.77
191.56,107.30,67.50,19.75,7.55,31.70
192.12,93.69,54.93,13.65,6.38,28.85
192.69,80.08,46.55,11.92,5.71,26.00
193.25,67.86,38.18,10.19,5.04,19.85
193.81,55.64,37.70,10.53,5.24,17.43
194.37,49.27,37.22,10.87,5.44,15.01
194.94,42.89,43.84,12.82,6.20,14.05
195.50,45.22,50.46,14.76,6.95,13.09
196.06,47.55,57.08,16.40,7.97,14.03
196.62,54.88,63.70,18.03,8.98,14.96
197.19,62.22,65.46,18.12,9.74,16.57
197.75,71.20,67.22,18.20,10.50,18.18
198.31,71.85,68.88,17.83,10.36,18.57
198.87,72.50,70.54,17.46,10.22,18.97
199.44,77.97,78.40,18.24,9.28,18.10
200.00,83.45,86.25,19.01,8.34,17.22
201.00,97.53,94.82,20.05,7.57,16.84
201.63,111.61,103.40,21.09,6.81,16.46
202.27,121.72,100.24,19.99,6.86,17.35
202.90,131.84,97.09,18.89,6.90,18.23
203.54,123.41,80.86,15.56,7.47,18.84
204.17,114.98,64.63,12.23,7.02,19.46
204.81,92.08,47.01,9.12,6.56,17.97
205.44,69.18,29.40,6.00,5.28,16.48
206.08,48.54,19.32,4.60,4.01,13.21
206.71,27.90,9.23,3.20,2.77,9.93
207.35,18.08,5.73,2.80,1.53,6.87
207.98,8.26,2.23,2.40,1.01,3.81
208.62,5.70,0.42,2.12,0.48,2.31
209.25,3.15,0.23,1.84,0.59,0.80
209.88,2.57,0.05,1.68,0.69,0.40
210.52,1.99,0.19,1.51,0.96,0.55
211.15,1.74,0.34,1.57,1.23,0.70
211.79,1.49,0.75,1.63,1.39,0.64
212.42,1.58,1.17,1.75,1.54,0.58
213.06,1.66,1.68,1.87,1.64,0.38
213.69,1.75,2.18,1.74,1.74,0.18
214.33,1.83,2.32,1.53,1.71,0.09
214.96,1.59,2.47,1.31,1.68,0.00
215.60,1.35,2.00,1.33,1.37,0.14
216.23,0.96,1.53,1.35,1.05,0.28
216.87,0.56,0.87,1.68,0.78,0.57
217.50,0.00,0.21,2.02,0.50,0.86
218.13,0.00,0.11,2.18,0.61,1.09
218.77,0.00,0.00,2.34,0.71,1.32
219.40,0.40,0.64,2.02,0.89,1.23
220.04,0.80,1.27,1.71,1.07,1.14
220.67,1.51,2.14,1.19,0.95,0.79
221.31,2.21,3.01,0.67,0.84,0.43
221.94,2.82,3.50,0.34,0.58,0.22
222.58,3.42,3.99,0.01,0.32,0.00
223.21,3.81,4.00,0.00,0.16,0.10
223.85,4.19,4.01,0.00,0.00,0.20
224.48,4.29,3.89,0.31,0.00,0.54
225.12,4.38,3.78,0.62,0.00,0.89
225.75,4.14,3.82,1.11,0.24,1.60
226.38,3.90,3.86,1.60,0.48,1.87
227.02,3.83,4.17,2.11,1.39,2.15
227.65,3.75,4.48,2.63,1.84,2.36
228.29,4.45,6.63,3.15,2.29,2.57
228.92,5.15,9.19,3.67,2.70,2.77
229.56,6.73,11.76,4.68,3.10,2.97
230.19,8.31,15.56,5.69,3.68,3.28
230.83,10.66,19.36,7.54,4.26,3.59
231.46,13.02,22.90,9.38,5.25,4.26
232.10,15.82,26.44,11.23,6.24,4.93
232.73,18.62,28.29,13.08,7.54,6.10
233.37,21.07,30.14,13.82,8.84,7.26
234.00,23.53,29.69,14.57,10.01,8.64
234.63,24.86,29.25,14.16,11.19,10.02
235.27,26.20,26.59,13.75,12.01,11.07
235.90,25.86,23.93,11.50,12.83,12.11
236.54,24.04,20.07,9.93,13.04,12.29
237.17,22.21,16.20,8.35,13.25,12.47
237.81,19.24,12.86,7.05,12.42,11.55
238.44,16.26,9.52,5.74,11.60,10.62
239.08,13.58,7.59,5.53,9.95,8.90
239.71,10.89,5.67,5.33,8.31,7.18
240.35,9.61,4.81,5.81,6.77,5.49
240.98,8.32,3.95,6.29,5.23,3.81
241.62,8.14,3.86,6.26,4.37,1.98
242.25,7.97,3.77,6.22,3.51,1.79
242.88,8.23,4.76,5.66,3.26,1.61
243.52,8.50,5.75,5.09,3.01,1.72
244.15,9.40,7.76,5.05,2.96,1.82
244.79,10.30,9.77,5.01,2.90,2.10
245.42,11.99,11.47,5.59,2.70,2.38
246.06,13.68,13.17,6.18,2.49,2.95
246.69,14.96,13.14,6.40,2.23,3.51
247.33,16.24,13.10,6.63,1.96,4.09
247.96,15.67,11.76,6.28,1.86,4.68
248.60,15.10,10.41,5.93,1.76,4.75
249.23,13.16,8.41,5.86,1.80,4.83
249.87,11.21,8.39,5.79,1.84,4.28
250.50,9.80,8.38,6.23,2.17,3.74
251.13,8.39,8.67,6.67,2.63,3.00
251.77,8.46,8.97,6.92,3.08,2.26
252.40,8.54,8.85,7.17,3.68,1.70
253.04,9.16,8.74,6.96,4.27,1.15
253.67,9.77,8.03,6.76,4.62,0.88
254.31,9.58,7.32,6.59,4.97,0.62
254.94,9.39,6.20,6.42,4.93,0.78
255.58,7.11,5.08,6.43,4.89,0.94
256.21,5.78,3.99,6.44,4.64,1.51
256.85,4.45,2.91,6.21,4.40,2.08
257.48,3.37,2.30,5.99,4.17,2.60
258.12,2.29,1.68,4.79,3.95,3.13
258.75,1.62,1.54,4.02,3.81,3.14
259.38,0.95,1.40,3.25,3.67,2.71
260.02,0.86,1.23,2.53,3.59,2.29
260.65,0.76,1.05,1.81,3.52,1.92
261.29,1.01,0.67,1.22,3.56,1.56
261.92,1.26,0.28,0.63,3.60,1.42
262.56,1.31,0.14,0.31,3.65,1.27
263.19,1.36,0.00,0.00,3.70,1.07
263.83,1.13,0.32,0.09,3.56,0.86
264.46,0.90,0.64,0.18,3.42,0.51
265.10,0.73,1.01,0.62,3.21,0.16
265.73,0.56,1.38,1.06,3.00,0.08
266.37,0.46,1.42,1.45,2.94,0.00
267.00,0.36,1.46,1.84,2.87,0.48
267.63,0.21,1.21,2.03,2.85,0.96
268.27,0.07,0.96,2.23,2.84,1.71
268.90,0.11,0.43,2.53,2.74,2.46
269.54,0.15,0.54,2.84,2.64,2.85
270.17,0.52,0.66,3.40,2.67,3.25
270.81,0.89,1.30,3.97,2.69,3.19
271.44,1.31,1.94,4.43,3.10,3.14
272.08,1.74,2.70,4.90,3.51,3.20
272.71,2.03,3.46,4.90,4.07,3.25
273.35,2.32,3.98,4.91,4.62,3.71
273.98,2.98,4.51,4.70,5.11,4.18
274.62,3.43,4.86,4.49,4.89,5.15
275.25,3.88,5.21,4.43,4.66,5.28
275.88,4.24,5.39,4.37,4.16,5.40
276.52,4.60,5.57,4.41,3.65,5.21
277.15,4.77,5.39,4.44,3.20,5.02
277.79,4.93,5.21,4.40,2.75,4.60
278.42,4.87,4.62,4.36,2.49,4.19
279.06,4.81,4.03,4.13,2.24,3.66
279.69,4.42,3.24,4.14,1.98,3.13
280.33,4.02,2.45,4.14,1.72,2.89
280.96,3.44,1.93,4.31,1.41,2.65
281.60,2.87,1.42,4.48,1.09,3.00
282.23,2.54,1.59,4.42,1.00,3.34
282.87,2.22,1.76,4.36,0.92,3.79
283.50,2.39,2.44,3.86,1.24,4.24
284.13,2.57,3.12,3.37,1.56,4.07
284.77,3.12,3.60,2.88,2.01,3.90
285.40,3.66,4.08,2.39,2.46,3.17
286.04,4.04,3.97,2.21,2.81,2.45
286.67,4.42,3.86,2.04,3.16,1.86
287.31,4.05,3.41,2.00,3.40,1.28
287.94,3.67,2.95,1.97,3.64,1.36
288.58,2.76,1.92,2.06,3.78,1.44
289.21,1.85,1.51,2.15,3.93,2.07
289.85,1.19,1.10,2.44,3.98,2.69
290.48,0.53,1.00,2.73,4.04,3.16
291.12,0.37,0.89,3.03,3.90,3.63
291.75,0.22,1.18,3.33,3.77,3.23
292.38,0.26,1.46,3.42,3.20,2.62
293.02,0.30,1.98,3.51,2.64,2.00
293.65,0.53,2.51,3.44,1.84,1.49
294.29,0.70,3.03,3.36,1.04,0.99
294.92,0.88,3.55,3.30,0.79,0.79
295.56,0.97,3.83,3.23,0.53,0.59
296.19,1.06,4.12,3.09,1.67,0.59
296.83,1.13,3.99,2.94,2.28,0.60
297.46,1.20,3.87,2.56,2.89,0.71
298.10,1.50,3.27,2.17,2.78,0.82
298.73,1.79,2.68,1.77,2.68,1.05
299.37,2.19,1.93,1.36,2.15,1.27
300.00,2.59,1.18,1.17,1.63,1.55
301.00,2.77,0.88,0.98,1.33,1.83
301.75,2.96,0.59,0.77,1.03,2.04
302.50,2.80,0.83,0.72,0.92,2.24
303.25,2.65,1.07,0.67,0.82,2.33
304.00,2.26,1.36,0.82,0.59,2.41
304.75,1.87,1.65,0.97,0.36,2.43
305.50,1.49,1.80,1.26,0.18,2.44
306.25,1.11,1.95,1.54,0.00,2.57
307.00,1.03,2.22,1.74,0.17,2.71
307.75,0.95,2.48,1.93,0.34,3.17
308.50,1.18,2.97,1.92,0.72,3.63
309.25,1.41,3.45,1.91,1.09,4.75
310.00,1.66,4.30,1.75,1.25,4.74
310.75,1.91,4.34,1.59,1.41,4.74
311.50,1.92,4.38,1.43,1.47,3.91
312.25,1.92,4.09,1.28,1.52,3.08
313.00,1.60,3.81,1.32,1.74,2.06
313.75,1.28,3.56,1.37,1.96,1.05
314.50,0.86,3.30,1.62,2.21,0.52
315.25,0.43,3.28,1.88,2.47,0.00
316.00,0.00,3.25,2.11,2.65,0.04
316.75,0.06,3.50,2.34,2.83,0.09
317.50,0.13,3.74,2.29,3.02,0.48
318.25,0.35,4.18,2.25,3.21,0.87
319.00,0.57,4.63,1.94,3.36,1.29
319.75,0.85,5.01,1.64,3.51,1.72
320.50,1.14,5.40,1.37,3.44,1.99
321.25,1.35,5.33,1.11,3.37,2.26
322.00,1.56,5.27,1.19,3.08,2.45
322.75,1.59,4.69,1.28,2.80,2.64
323.50,1.61,4.10,1.64,2.36,2.68
324.25,1.66,3.41,2.00,2.48,2.73
325.00,1.71,2.73,2.32,2.59,2.47
325.75,2.10,2.42,2.64,2.87,2.21
326.50,2.48,2.12,2.59,3.14,1.94
327.25,2.95,2.24,2.55,3.25,1.67
328.00,3.41,2.35,1.75,3.37,1.99
328.75,3.44,2.62,1.37,3.34,2.43
329.50,3.47,2.89,0.99,3.32,2.86
330.25,3.22,3.15,0.81,3.37,3.08
331.00,2.96,3.42,0.62,3.41,3.30
331.75,2.90,3.64,0.41,3.62,3.19
332.50,2.83,3.86,0.19,3.83,3.08
333.25,3.02,3.86,0.10,4.09,2.99
334.00,3.21,3.86,0.00,4.34,2.90
334.75,3.47,3.23,0.39,4.52,3.00
335.50,3.74,2.80,0.78,4.69,3.10
336.25,3.92,2.36,1.35,4.76,3.00
337.00,4.10,2.09,1.91,4.84,2.91
337.75,3.91,1.83,2.14,4.93,2.44
338.50,3.49,1.89,2.37,5.02,1.97
339.25,3.07,1.95,2.48,5.59,1.66
340.00,2.67,2.18,2.59,6.15,1.35
340.75,2.27,2.41,2.84,7.74,1.62
341.50,2.31,2.49,3.10,9.33,1.89
342.25,2.36,2.58,3.25,11.85,2.45
343.00,2.78,2.53,3.41,14.38,3.00
343.75,3.20,2.47,3.32,16.95,3.36
344.50,3.55,2.55,3.23,19.53,3.73
345.25,3.90,2.63,2.99,21.11,3.67
346.00,3.84,2.94,2.75,22.68,3.62
346.75,3.79,3.26,2.62,22.60,3.14
347.50,3.42,3.61,2.50,22.51,2.66
348.25,3.06,3.96,2.85,20.70,1.53
349.00,2.69,4.12,3.19,18.88,1.43
349.75,2.31,4.29,3.87,15.98,1.32
350.50,2.16,4.23,4.54,13.08,1.80
351.25,2.01,4.18,4.88,7.75,2.27
352.00,2.10,4.09,5.21,6.35,2.71
352.75,2.20,3.99,4.96,4.94,3.14
353.50,2.41,4.03,4.70,4.59,3.01
354.25,2.62,4.07,3.88,4.23,2.87
355.00,2.70,4.17,3.67,4.23,2.42
355.75,2.78,4.26,3.46,4.23,1.96
356.50,2.51,4.25,3.28,4.22,1.68
357.25,2.24,4.25,3.10,4.21,1.40
358.00,1.70,4.09,2.73,4.07,1.42
358.75,1.15,4.01,2.36,3.93,1.44
359.50,0.75,3.93,1.95,3.86,1.67
360.25,0.34,3.82,1.53,3.79,1.90
361.00,0.41,3.70,1.39,4.06,2.20
361.75,0.61,3.56,1.24,4.33,2.49
362.50,0.80,3.42,1.44,4.56,2.63
363.25,0.69,3.42,1.65,4.78,2.77
364.00,0.57,3.42,1.93,4.53,2.73
364.75,0.29,3.66,2.22,4.28,2.69
365.50,0.00,3.89,2.12,3.95,2.69
366.25,0.13,4.21,2.02,3.62,2.68
367.00,0.25,4.53,1.49,3.53,2.63
367.75,0.85,4.67,0.96,3.45,2.47
368.50,1.46,4.80,0.60,3.19,2.32
369.25,2.02,4.55,0.24,2.93,2.39
370.00,2.58,4.30,0.52,2.31,2.47
370.75,2.76,3.83,0.80,1.69,2.84
371.50,2.94,3.36,1.34,1.31,3.21
372.25,2.72,3.20,1.87,0.92,3.31
373.00,2.51,3.04,2.07,1.42,3.40
373.75,2.18,3.43,2.27,1.93,3.03
374.50,1.85,3.82,2.13,3.04,2.66
375.25,1.84,4.36,1.99,4.15,2.22
376.00,1.84,4.90,1.80,4.83,1.78
376.75,2.12,5.05,1.62,5.51,1.50
377.50,2.41,5.21,1.47,5.02,1.23
378.25,2.67,4.98,1.33,4.39,1.05
379.00,2.93,4.74,1.26,3.77,0.86
379.75,3.03,4.45,1.19,3.46,0.69
380.50,3.14,4.17,1.46,3.15,0.52
381.25,2.95,3.76,1.74,3.32,0.56
382.00,2.76,3.71,2.02,3.49,0.61
382.75,1.65,3.65,2.17,3.88,1.15
383.50,1.08,3.92,2.32,4.26,1.70
384.25,0.50,4.18,2.35,4.43,2.41
385.00,0.30,4.55,2.38,4.60,3.11
385.75,0.11,4.92,2.64,4.43,3.32
386.50,0.28,4.71,2.89,4.25,3.52
387.25,0.45,4.50,3.33,4.00,2.87
388.00,0.68,3.50,3.77,3.74,2.57
388.75,0.90,2.50,3.96,3.58,2.27
389.50,0.96,1.45,4.16,3.42,2.21
390.25,1.01,0.41,4.11,3.36,2.14
391.00,0.92,0.20,4.06,3.30,2.09
391.75,0.82,0.00,4.03,3.31,2.03
392.50,0.87,0.67,4.00,3.33,1.85
393.25,0.91,1.34,3.81,3.30,1.67
394.00,1.27,2.26,3.63,3.27,1.46
394.75,1.63,3.18,3.01,3.10,1.26
395.50,1.97,3.66,2.39,2.93,1.22
396.25,2.30,4.14,1.60,2.86,1.17
397.00,2.28,4.19,0.81,2.78,1.40
397.75,2.25,4.23,0.41,2.98,1.62
398.50,2.07,4.32,0.00,3.17,1.94
399.25,1.88,4.40,0.10,3.27,2.26
400.00,1.77,4.58,0.21,3.36,2.38
401.00,1.66,4.76,0.53,2.94,2.49
401.79,1.63,4.75,0.85,2.51,2.37
402.57,1.61,4.75,1.26,1.75,2.25
403.36,1.73,4.68,1.66,1.00,2.15
404.14,1.86,4.61,2.24,0.50,2.04
404.93,2.05,4.66,2.82,0.00,2.10
405.71,2.25,4.71,3.38,0.00,2.15
406.50,2.35,4.83,3.93,0.30,2.35
407.29,2.41,4.76,4.37,0.61,2.44
408.07,2.46,4.69,4.20,0.78,2.53
408.86,2.74,4.46,4.03,0.96,2.58
409.64,3.01,4.23,3.68,0.86,2.64
410.43,3.31,3.95,3.33,0.76,2.35
411.21,3.62,3.67,3.19,0.55,2.06
412.00,3.67,3.63,3.05,0.35,1.39
412.79,3.72,3.58,3.33,0.40,0.72
413.57,3.54,3.95,3.60,0.45,0.36
414.36,3.36,4.31,3.98,0.91,0.00
415.14,3.14,4.69,4.37,1.37,0.30
415.93,2.92,5.06,4.36,1.97,0.60
416.71,2.77,4.89,4.35,2.56,1.14
417.50,2.61,4.71,3.76,2.96,1.69
418.29,2.46,4.09,3.17,3.37,2.01
419.07,2.31,3.46,2.30,3.51,2.34
419.86,2.16,2.85,1.42,3.66,2.44
420.64,2.00,2.25,0.92,3.57,2.55
421.43,1.97,1.84,0.42,3.49,2.55
422.21,1.94,1.42,0.70,3.26,2.56
423.00,2.10,1.32,0.97,3.03,2.50
423.79,2.26,1.21,1.61,2.87,2.44
424.57,2.46,1.63,2.24,2.72,2.38
425.36,2.65,2.05,2.48,2.62,2.32
426.14,2.60,2.77,2.73,2.52,2.64
426.93,2.54,3.49,2.36,2.30,3.02
427.71,2.23,4.05,2.00,2.07,3.40
428.50,1.91,4.61,1.36,1.88,3.50
429.29,1.83,4.85,0.73,1.69,3.60
430.07,1.74,5.09,0.37,1.81,3.27
430.86,2.51,5.05,0.00,1.94,2.95
431.64,2.75,5.06,0.22,2.09,2.77
432.43,2.99,5.06,0.43,2.23,2.60
433.21,2.57,5.50,1.76,2.07,2.69
434.00,2.14,5.93,2.33,1.90,2.78
434.79,1.44,6.86,2.91,1.60,2.59
435.57,0.74,7.79,3.19,1.87,2.39
436.36,0.37,9.14,3.48,2.13,1.93
437.14,0.00,10.49,3.61,2.63,1.47
437.93,0.07,13.10,3.74,3.13,1.38
438.71,0.13,15.70,3.73,3.58,1.30
439.50,0.46,21.44,3.72,4.03,1.80
440.29,0.80,27.18,3.61,4.36,2.29
441.07,0.92,37.24,3.50,4.68,2.80
441.86,1.05,47.30,3.50,4.60,3.30
442.64,0.81,60.29,3.51,4.51,3.17
443.43,0.56,73.28,3.54,3.73,3.03
444.21,0.41,85.01,3.56,2.94,2.27
445.00,0.25,96.73,3.30,1.90,1.52
445.79,0.53,101.58,3.04,0.85,0.97
446.57,0.81,106.43,2.67,0.42,0.42
447.36,1.06,100.69,2.29,0.00,0.96
448.14,1.31,94.94,2.17,0.57,1.55
448.93,1.08,80.79,2.05,1.14,2.14
449.71,0.84,66.63,2.09,2.04,2.20
450.50,0.42,51.48,2.13,2.94,2.26
451.29,0.00,36.33,2.07,3.27,1.79
452.07,0.01,26.36,2.01,3.61,1.33
452.86,0.02,16.40,2.06,3.41,1.02
453.64,1.21,12.07,2.11,3.20,0.71
454.43,2.02,7.74,2.52,3.13,0.80
455.21,2.82,4.56,2.94,3.06,0.89
456.00,3.27,3.67,3.47,3.21,0.86
456.79,3.72,2.78,4.00,3.36,0.82
457.57,3.57,2.20,4.18,3.30,0.41
458.36,3.43,1.62,4.35,3.24,0.00
459.14,3.02,1.45,4.02,2.95,0.00
459.93,2.62,1.27,3.68,2.67,0.00
460.71,2.30,1.39,2.50,2.52,0.00
461.50,1.98,1.50,2.09,2.36,0.00
462.29,1.72,1.73,1.69,2.36,0.68
463.07,1.45,1.95,1.91,2.21,1.35
463.86,1.31,2.33,2.13,2.06,1.97
464.64,1.16,2.71,2.95,1.67,2.58
465.43,1.38,3.18,3.77,1.27,2.92
466.21,1.60,3.65,4.42,1.01,3.27
467.00,2.06,3.74,5.07,0.75,3.23
467.79,2.53,3.83,4.76,1.02,3.10
468.57,2.73,3.47,4.45,1.28,2.97
469.36,2.94,3.11,3.41,1.78,2.90
470.14,2.57,2.95,2.36,2.27,2.83
470.93,2.20,2.79,1.57,2.39,2.52
471.71,1.55,3.11,0.79,2.52,2.21
472.50,0.90,3.43,0.76,2.21,1.56
473.29,0.66,3.60,0.73,1.91,0.91
474.07,0.43,3.77,1.09,1.49,0.46
474.86,0.86,3.37,1.45,1.07,0.00
475.64,1.29,2.98,1.86,0.72,0.25
476.43,1.80,2.45,2.27,0.38,0.50
477.21,2.31,1.91,2.65,0.20,1.18
478.00,2.58,1.70,3.04,0.02,1.85
478.79,2.57,1.49,3.19,0.07,2.36
479.57,2.56,1.66,3.34,0.13,2.88
480.36,2.68,1.94,3.19,0.42,3.21
481.14,2.81,2.21,3.03,0.71,3.54
481.93,2.94,2.58,2.90,1.17,3.82
482.71,3.08,2.94,2.77,1.64,4.10
483.50,2.86,3.07,2.81,2.07,4.11
484.29,2.65,3.19,2.85,2.50,4.11
485.07,2.03,3.02,2.82,2.72,3.72
485.86,1.41,2.86,2.80,2.94,3.34
486.64,0.85,2.74,2.66,2.94,2.88
487.43,0.28,2.62,2.52,2.95,2.42
488.21,0.14,2.47,2.55,2.76,1.74
489.00,0.00,2.32,2.71,2.56,1.54
489.79,0.21,1.86,2.87,2.28,1.35
490.57,0.43,1.41,2.80,2.00,1.47
491.36,0.66,1.04,2.74,1.98,1.60
492.14,0.89,0.67,2.24,2.48,1.91
492.93,1.00,0.86,1.74,2.98,2.23
493.71,1.11,1.04,1.09,3.72,2.07
494.50,1.16,1.43,0.45,4.46,1.92
495.29,1.21,1.82,0.22,4.89,1.24
496.07,1.22,1.89,0.00,5.32,0.56
496.86,1.22,1.96,0.38,5.23,0.28
497.64,1.11,1.85,0.76,5.13,0.00
498.43,1.01,1.75,1.49,4.91,0.56
499.21,0.84,1.92,2.22,4.68,1.11
500.00,0.67,2.09,2.96,4.69,1.94
501.00,0.43,2.66,3.69,4.71,2.77
502.05,0.30,3.22,4.14,4.83,3.29
503.11,0.18,3.86,4.59,4.94,3.81
504.16,0.09,4.50,4.53,4.89,3.79
505.21,0.00,4.67,4.47,4.83,3.78
506.27,0.17,4.84,4.20,4.60,3.24
507.32,0.33,4.02,3.92,4.38,2.71
508.37,0.75,3.61,3.87,4.21,2.17
509.43,1.17,3.19,3.82,4.05,1.63
510.48,1.43,3.17,3.74,4.17,1.56
511.53,1.69,3.16,3.66,4.28,1.66
512.59,1.60,3.18,3.14,4.59,1.77
513.64,1.51,3.20,2.63,4.89,1.53
514.69,1.23,2.92,1.99,5.04,1.29
515.74,0.96,2.65,1.36,5.19,0.90
516.80,0.90,2.33,1.17,4.96,0.51
517.85,0.84,2.00,0.98,4.73,0.29
518.90,1.36,1.86,1.30,4.26,0.07
519.96,1.89,1.72,1.63,3.78,0.04
521.01,2.64,1.65,2.38,3.42,0.00
522.06,3.38,1.57,2.48,3.06,0.02
523.12,3.48,1.40,2.58,3.03,0.05
524.17,3.58,1.23,2.56,3.00,0.08
525.22,3.00,0.90,2.55,3.11,0.11
526.28,2.43,0.58,2.65,3.23,0.38
527.33,1.99,0.29,2.75,3.29,0.66
528.38,1.56,0.00,2.98,3.28,1.46
529.44,1.59,0.00,3.22,3.26,2.27
530.49,1.61,0.00,3.65,3.33,3.18
531.54,1.81,0.19,4.07,3.40,4.10
532.60,2.01,0.37,4.82,3.54,4.24
533.65,2.49,0.48,5.57,3.68,4.39
534.70,2.79,0.59,6.72,3.78,3.77
535.76,3.09,0.48,7.87,3.89,3.14
536.81,3.41,0.38,9.38,3.88,2.22
537.86,3.73,0.21,10.88,3.87,2.48
538.91,4.22,0.03,12.26,3.80,2.74
539.97,4.71,0.00,13.63,3.73,3.42
541.02,5.51,0.21,14.13,3.85,4.10
542.07,6.31,0.42,14.63,3.96,4.59
543.13,7.02,1.03,14.25,4.56,5.08
544.18,7.74,1.63,13.88,5.17,4.96
545.23,7.91,2.51,13.56,6.21,4.83
546.29,8.09,3.38,13.24,7.26,4.39
547.34,8.04,4.03,13.49,8.42,3.94
548.39,7.99,4.68,13.75,9.57,4.00
549.45,8.24,4.76,13.92,10.50,4.07
550.50,8.49,4.84,14.09,11.43,4.85
551.55,8.97,4.62,13.52,11.79,5.63
552.61,9.45,4.39,12.95,12.15,6.55
553.66,9.71,4.19,11.91,11.74,7.47
554.71,9.96,3.99,10.87,11.34,8.02
555.77,9.70,3.79,9.75,10.41,8.57
556.82,9.43,3.60,8.63,9.49,8.49
557.87,8.66,3.42,6.45,8.53,8.41
558.93,7.88,3.24,5.76,7.57,7.62
559.98,6.88,3.29,5.07,6.98,6.82
561.03,5.89,3.34,5.09,6.38,5.72
562.09,5.28,3.73,5.11,6.44,4.63
563.14,4.67,4.12,5.43,6.49,4.01
564.19,4.97,4.61,5.74,7.65,3.38
565.24,5.27,5.10,5.85,8.08,3.51
566.30,7.45,5.31,5.97,8.51,3.79
567.35,8.73,5.52,5.99,8.22,4.07
568.40,10.01,5.47,6.02,7.93,4.11
569.46,10.89,5.41,6.05,7.21,4.15
570.51,11.78,5.27,6.09,6.49,3.94
571.56,11.81,5.12,5.81,6.16,3.74
572.62,11.85,4.45,5.53,5.83,3.62
573.67,10.70,3.87,4.80,6.08,3.49
574.72,9.54,3.30,4.07,6.32,3.54
575.78,7.49,2.76,3.46,6.40,3.59
576.83,5.44,2.22,2.84,6.49,3.54
577.88,3.55,2.03,2.69,5.91,3.49
578.94,1.67,1.83,2.54,5.33,3.27
579.99,0.83,2.06,2.41,4.46,3.04
581.04,0.00,2.28,2.29,3.58,2.83
582.10,0.12,2.79,1.94,3.06,2.62
583.15,0.25,3.31,1.60,2.54,2.55
584.20,0.95,3.95,1.45,2.61,2.48
585.26,1.65,4.58,1.30,2.68,2.58
586.31,2.37,4.93,1.32,2.99,2.68
587.36,3.09,5.29,1.35,3.30,2.83
588.41,3.49,4.96,1.06,3.38,2.98
589.47,3.88,4.64,0.77,3.46,2.89
590.52,3.98,3.89,0.38,3.40,2.81
591.57,4.07,3.14,0.00,3.33,2.26
592.63,4.00,2.70,0.23,3.52,2.16
593.68,3.93,2.25,0.67,3.71,2.06
594.73,3.75,2.31,1.11,4.04,2.14
595.79,3.57,2.37,1.29,4.38,2.21
596.84,3.07,2.49,1.46,4.41,2.17
597.89,3.01,2.60,1.29,4.44,2.12
598.95,2.96,2.55,1.11,4.07,1.85
600.00,3.21,2.50,0.89,3.71,1.57
601.00,3.45,2.49,0.66,3.36,1.23
602.27,3.78,2.47,0.57,3.00,0.89
603.54,4.11,2.58,0.47,3.19,0.79
604.81,4.14,2.68,0.50,3.61,0.70
606.08,4.17,2.62,0.54,4.02,1.00
607.35,3.91,2.29,0.67,4.11,1.29
608.62,3.66,1.97,0.80,4.21,1.58
609.88,3.38,1.45,0.94,3.62,1.86
611.15,3.11,0.93,1.09,3.03,1.79
612.42,2.97,0.50,1.11,2.23,1.73
613.69,2.84,0.07,1.14,1.43,1.61
614.96,2.76,0.06,0.90,1.10,1.48
616.23,2.68,0.05,0.66,0.78,1.54
617.50,2.51,0.41,0.33,1.00,1.59
618.77,2.34,0.77,0.00,1.21,1.68
620.04,2.05,1.19,0.03,1.43,1.76
621.31,1.76,1.61,0.07,1.66,1.73
622.58,1.42,1.95,0.43,1.69,1.69
623.85,1.09,2.29,0.79,1.72,1.22
625.12,0.92,2.53,0.97,1.82,0.84
626.38,0.76,2.76,1.14,1.92,0.47
627.65,0.95,2.70,1.26,2.10,0.23
628.92,1.13,2.65,1.37,2.28,0.00
630.19,1.41,2.24,1.92,2.24,0.06
631.46,1.69,1.83,2.47,2.19,0.12
632.73,1.71,1.40,3.09,2.01,0.40
634.00,1.73,0.97,3.71,1.83,0.69
635.27,1.29,0.81,3.66,1.86,1.13
636.54,1.16,0.65,3.16,1.89,1.57
637.81,1.04,0.64,2.66,2.10,2.23
639.08,1.36,0.63,2.27,2.31,2.88
640.35,1.68,0.63,1.89,2.42,3.52
641.62,2.33,0.63,1.62,2.53,4.15
642.88,2.99,0.72,1.35,2.38,4.31
644.15,3.30,0.82,0.99,2.22,4.46
645.42,3.61,0.92,0.63,1.89,4.09
646.69,3.17,1.03,0.32,1.56,3.72
647.96,2.72,0.87,0.00,1.34,3.21
649.23,1.89,0.67,0.00,1.11,2.70
650.50,1.06,0.46,0.00,1.02,2.27
651.77,0.53,0.31,0.18,0.93,1.85
653.04,0.00,0.16,0.36,0.84,1.60
654.31,0.06,0.08,0.79,0.60,1.36
655.58,0.11,0.00,1.21,0.36,1.32
656.85,0.58,0.00,1.45,0.18,1.35
658.12,1.04,0.00,1.69,0.00,1.39
659.38,1.42,0.16,1.43,0.13,1.35
660.65,1.79,0.31,1.18,0.27,1.32
661.92,1.83,0.64,0.87,0.75,1.41
663.19,1.88,0.97,0.56,1.24,1.50
664.46,1.82,1.29,0.78,1.79,1.94
665.73,1.75,1.60,1.01,2.35,2.37
667.00,2.08,1.85,1.62,2.67,2.96
668.27,2.40,2.10,2.22,2.99,3.55
669.54,3.18,2.23,2.57,2.95,3.81
670.81,3.97,2.35,2.91,2.91,4.07
672.08,5.38,2.12,2.79,2.61,3.96
673.35,5.49,1.89,2.67,2.32,3.85
674.62,5.60,1.41,2.42,1.99,3.88
675.88,5.07,0.93,2.17,1.66,3.91
677.15,4.54,0.61,2.22,1.52,4.20
678.42,3.78,0.30,2.27,1.38,4.49
679.69,3.01,0.15,3.50,1.51,4.60
680.96,2.59,0.00,4.40,1.63,4.70
682.23,2.17,0.00,5.31,1.98,4.44
683.50,2.29,0.00,5.62,2.32,4.18
684.77,2.41,0.30,5.93,2.85,3.81
686.04,2.88,0.60,5.36,3.38,3.44
687.31,3.35,1.48,4.79,3.87,3.03
688.58,3.93,1.67,4.27,4.35,3.03
689.85,4.51,1.85,3.75,4.32,3.02
691.12,4.88,1.96,3.88,4.29,3.03
692.38,5.24,2.08,4.02,3.73,3.05
693.65,5.27,2.46,4.34,3.17,2.98
694.92,5.30,2.83,4.67,2.56,2.92
696.19,5.41,3.18,4.76,1.95,2.78
697.46,5.51,3.53,4.86,1.11,2.64
698.73,5.98,3.49,4.89,0.79,2.41
700.00,6.45,3.44,4.93,0.47,2.18
701.00,6.92,3.20,4.92,0.23,2.14
702.90,7.39,2.95,4.91,0.00,2.10
704.81,7.25,2.74,4.69,0.00,2.60
706.71,7.10,2.54,4.47,0.00,3.09
708.62,6.30,2.33,4.17,0.31,3.72
710.52,5.50,2.12,3.88,0.63,4.35
712.42,4.63,1.86,3.72,1.18,4.31
714.33,3.77,1.60,3.55,1.74,4.27
716.23,2.68,1.30,3.35,2.27,3.58
718.13,2.29,1.00,3.15,2.79,2.88
720.04,1.91,0.74,2.73,3.07,2.31
721.94,1.53,0.49,2.31,3.36,1.74
723.85,1.15,0.50,1.82,3.27,1.65
725.75,0.89,0.52,1.32,3.19,1.56
727.65,0.62,0.76,0.92,2.77,1.81
729.56,0.90,1.00,0.53,2.36,2.06
731.46,1.18,1.31,0.26,1.95,2.71
733.37,1.87,1.62,0.00,1.54,2.82
735.27,2.56,1.95,0.24,1.39,2.93
737.17,3.48,2.28,0.93,1.24,2.75
739.08,4.40,3.06,1.63,1.22,2.57
740.98,5.51,3.45,3.31,1.21,2.46
742.88,6.61,3.85,4.99,1.15,2.36
744.79,8.66,4.27,8.46,1.09,2.50
746.69,10.70,4.68,11.93,1.27,2.64
748.60,15.38,5.63,19.05,1.46,2.91
750.50,20.05,6.58,26.18,2.44,3.18
752.40,29.62,9.11,39.19,3.42,3.84
754.31,39.19,11.63,52.21,5.56,4.50
756.21,55.75,16.42,71.31,7.70,6.26
758.12,72.32,21.22,90.40,10.92,8.03
760.02,96.25,27.67,111.56,14.14,11.29
761.92,120.19,34.13,132.71,21.53,14.56
763.83,147.56,40.32,147.94,24.52,18.73
765.73,174.93,46.51,163.17,27.51,22.90
767.63,196.65,50.39,164.74,28.64,26.64
769.54,218.36,54.26,166.31,29.78,30.37
771.44,224.35,54.79,152.98,28.68,32.06
773.35,230.34,55.32,139.64,27.57,33.75
775.25,203.75,53.06,118.20,24.84,32.32
777.15,177.68,50.79,96.75,22.10,30.90
779.06,151.61,47.49,76.67,19.06,23.23
780.96,124.45,44.18,56.58,16.03,19.21
782.87,97.29,41.50,43.42,13.76,15.18
784.77,77.48,38.82,30.25,11.49,12.64
786.67,57.67,37.02,23.88,9.98,10.11
788.58,46.71,35.22,17.50,8.47,8.82
790.48,35.74,33.29,15.02,7.27,7.53
792.38,30.67,31.35,12.54,6.07,6.41
794.29,25.61,28.43,11.47,5.24,5.29
796.19,23.04,25.52,10.40,4.41,4.15
798.10,20.46,18.38,9.59,4.22,3.01
800.00,18.72,15.19,8.77,4.03,2.37
801.00,16.97,12.01,7.45,4.16,1.73
803.41,15.95,10.05,7.46,4.29,1.57
805.83,14.93,8.09,7.48,4.18,1.42
808.24,14.73,7.39,8.72,4.07,1.32
810.66,14.52,6.70,9.97,3.93,1.23
813.07,15.11,6.78,12.23,3.79,1.27
815.49,15.70,6.86,14.50,4.19,1.31
817.90,17.30,7.35,16.69,4.58,1.78
820.32,18.91,7.85,18.89,5.21,2.24
822.73,21.39,8.68,20.05,5.83,3.07
825.15,23.88,9.52,21.20,5.97,3.90
827.56,26.30,10.53,21.42,6.12,4.67
829.98,28.71,11.54,21.63,5.86,5.44
832.39,30.26,12.42,21.48,5.60,5.96
834.80,31.80,13.29,21.33,5.49,6.48
837.22,33.21,13.79,20.94,5.37,7.32
839.63,33.41,14.30,20.55,5.76,7.54
842.05,33.61,14.27,19.88,6.00,7.75
844.46,33.44,14.25,19.21,6.24,7.46
846.88,33.27,13.75,18.64,6.24,7.16
849.29,32.78,13.24,18.07,6.25,6.52
851.71,32.29,12.62,18.02,5.91,5.87
854.12,31.65,12.01,17.98,5.58,5.38
856.54,31.01,11.86,18.47,5.09,4.89
858.95,30.76,11.71,18.97,4.59,4.96
861.37,30.50,12.36,19.59,4.32,5.02
863.78,31.28,13.01,20.22,4.04,5.57
866.20,32.06,14.19,20.76,4.16,6.13
868.61,33.83,15.36,21.30,4.28,6.69
871.02,35.59,16.38,21.87,4.55,7.24
873.44,37.36,17.39,22.45,4.81,7.43
875.85,39.12,18.05,23.14,4.98,7.62
878.27,39.96,17.62,23.82,5.15,7.63
880.68,40.79,17.18,25.05,5.15,7.65
883.10,40.79,16.27,25.34,5.16,7.84
885.51,40.79,15.36,25.63,4.76,8.03
887.93,40.69,14.48,25.68,4.37,8.39
890.34,40.58,13.59,25.73,3.62,8.75
892.76,40.92,13.28,26.11,2.86,8.98
895.17,41.25,12.96,26.50,2.38,9.22
897.59,42.27,13.42,27.79,1.90,8.95
900.00,43.30,13.88,29.09,2.25,8.60
901.00,45.08,14.80,31.37,2.60,8.25
904.54,46.86,15.71,33.64,3.63,8.17
908.07,49.30,16.52,37.17,4.67,8.10
911.61,51.74,17.33,40.69,5.87,8.69
915.14,58.88,18.24,47.88,7.07,9.29
918.68,66.69,19.16,55.06,7.98,10.59
922.21,74.49,22.17,73.96,8.89,11.90
925.75,96.75,25.19,92.87,10.28,14.04
929.29,119.00,34.77,139.91,11.67,16.18
932.82,178.50,44.35,186.94,16.12,20.63
936.36,238.00,67.84,279.96,20.57,25.07
939.89,366.09,91.34,372.97,42.31,35.74
943.43,494.18,136.53,512.48,61.69,46.42
946.96,705.23,181.72,651.98,81.06,68.15
950.50,916.28,249.25,804.05,106.85,89.89
954.04,1171.77,316.78,956.12,132.64,123.25
957.57,1427.26,391.81,1057.41,156.59,156.62
961.11,1628.85,466.85,1158.69,180.54,193.26
964.64,1830.44,519.50,1153.45,190.90,229.91
968.18,1872.35,572.15,1148.21,201.27,254.12
971.71,1914.25,575.71,1035.82,191.38,278.33
975.25,1767.50,523.36,923.43,181.49,276.49
978.79,1620.75,471.01,765.03,156.51,274.64
982.32,1364.86,392.00,606.62,131.53,218.91
985.86,1108.97,312.98,474.55,104.35,180.06
989.39,865.71,242.68,342.48,77.18,141.21
992.93,622.46,172.38,193.50,57.77,108.55
996.46,463.20,128.49,164.28,38.36,75.88
1000.00,303.93,84.60,135.05,28.47,56.37
1001.00,226.25,64.09,125.63,18.58,36.87
1006.10,148.57,43.57,116.20,14.72,27.98
1011.21,117.58,35.77,109.89,10.86,19.09
1016.31,86.60,27.97,103.58,9.28,15.97
1021.41,61.97,25.00,95.24,7.71,12.86
1026.51,55.90,22.03,86.91,6.78,12.22
1031.62,49.82,20.42,77.54,5.86,11.58
1036.72,46.31,18.80,68.18,5.41,11.88
1041.82,42.79,17.42,59.94,4.96,12.18
1046.92,40.66,16.04,51.71,4.92,12.87
1052.03,38.54,14.78,45.78,4.89,13.55
1057.13,37.10,13.52,39.86,4.92,14.56
1062.23,35.66,12.61,36.49,4.96,15.56
1067.33,34.91,11.70,33.13,4.78,17.31
1072.44,34.16,11.19,32.11,4.60,19.06
1077.54,34.59,10.67,31.10,4.26,21.92
1082.64,35.03,10.49,31.70,3.91,24.79
1087.74,36.60,10.31,32.31,3.45,28.23
1092.85,38.17,10.54,33.17,3.47,31.67
1097.95,40.24,10.76,34.04,3.50,34.56
1103.05,42.31,11.29,34.31,3.48,37.45
1108.15,44.25,11.82,34.58,3.46,40.43
1113.26,46.19,12.86,34.56,3.23,40.37
1118.36,47.30,13.30,34.55,3.00,40.32
1123.46,48.41,13.75,35.08,3.09,39.33
1128.56,48.25,14.23,35.61,3.19,38.34
1133.67,48.10,14.71,37.05,3.83,37.11
1138.77,47.43,14.96,38.49,4.48,35.87
1143.87,46.76,15.22,41.07,5.08,34.23
1148.97,46.94,15.06,43.64,5.68,32.58
1154.08,47.12,14.90,47.61,5.77,30.23
1159.18,48.52,14.60,51.59,5.86,27.87
1164.28,49.92,14.29,61.11,5.82,25.42
1169.38,51.76,14.21,64.90,5.77,22.96
1174.49,53.60,14.12,68.70,5.97,21.15
1179.59,56.18,14.27,69.71,6.17,19.33
1184.69,56.17,14.42,70.72,6.40,18.18
1189.79,56.16,14.51,68.30,6.62,17.02
1194.90,54.55,14.60,65.89,6.60,16.39
1200.00,52.95,14.27,61.21,6.57,15.76
1201.00,50.12,13.95,56.53,6.43,15.57
1210.06,47.29,13.21,52.12,6.29,15.37
1219.12,44.13,12.48,47.70,6.22,15.15
1228.18,40.96,11.80,45.62,6.14,14.94
1237.24,38.48,11.12,43.53,6.08,14.48
1246.30,36.01,10.84,44.15,6.02,14.01
1255.36,35.02,10.55,44.76,5.77,13.24
1264.42,34.04,10.65,47.25,5.51,13.07
1273.48,34.96,10.75,49.74,5.22,12.90
1282.55,35.89,11.26,53.08,4.92,12.64
1291.61,38.38,11.76,56.42,5.05,12.38
1300.67,40.88,12.48,59.54,5.18,11.94
1309.73,44.35,13.20,62.66,5.79,11.51
1318.79,47.82,14.17,64.42,6.40,11.19
1327.85,51.34,14.17,66.17,7.57,10.87
1336.91,54.86,14.17,65.67,7.74,10.87
1345.97,57.33,13.72,65.18,7.92,10.88
1355.03,59.79,13.27,62.33,7.76,11.02
1364.09,60.19,12.53,59.48,7.61,11.17
1373.15,60.58,11.79,55.21,7.41,11.18
1382.21,58.36,10.90,50.93,7.21,11.18
1391.27,56.14,10.01,46.56,7.10,11.18
1400.33,51.79,8.97,42.19,6.99,11.18
1409.39,47.44,7.94,38.55,6.98,11.31
1418.45,42.34,6.91,34.91,6.97,11.45
1427.52,37.25,5.89,32.29,7.16,11.49
1436.58,28.05,5.16,29.67,7.35,11.53
1445.64,24.58,4.43,26.59,7.50,11.21
1454.70,21.10,3.99,25.81,7.66,10.90
1463.76,18.87,3.55,25.03,7.23,10.27
1472.82,16.64,3.45,24.44,6.81,9.64
1481.88,15.33,3.34,23.85,5.84,9.02
1490.94,14.01,3.67,23.17,4.87,8.40
1500.00,13.18,4.00,22.49,4.11,7.73
1501.00,12.35,4.40,21.81,3.35,7.62
1514.13,11.84,4.80,21.14,3.23,7.52
1527.26,11.32,4.79,20.62,3.11,7.62
1540.39,10.95,4.78,20.10,3.24,7.72
1553.53,10.58,4.65,19.70,3.38,8.01
1566.66,10.01,4.51,19.29,3.23,8.31
1579.79,9.43,4.70,18.77,3.09,8.49
1592.92,8.61,4.90,18.25,2.68,8.68
1606.05,7.78,5.14,17.54,2.28,8.48
1619.18,7.05,5.39,16.83,2.04,8.28
1632.32,6.31,5.22,16.16,1.81,7.82
1645.45,5.93,5.05,15.49,2.04,7.36
1658.58,5.55,4.08,15.01,2.27,6.95
1671.71,5.59,3.45,14.53,2.79,6.54
1684.84,5.64,2.82,14.16,3.32,6.29
1697.97,6.04,2.04,13.79,3.68,6.03
1711.11,6.44,1.26,13.51,4.05,5.66
1724.24,6.89,0.65,13.23,3.83,5.30
1737.37,7.33,0.04,13.03,3.36,4.68
1750.50,7.40,0.02,12.82,2.89,4.07
1763.63,7.48,0.00,13.01,2.52,3.63
1776.76,7.26,0.47,13.20,2.16,3.19
1789.89,7.88,0.94,15.64,2.23,3.32
1803.03,8.50,1.37,18.09,2.30,3.45
1816.16,11.35,1.79,26.49,2.93,4.56
1829.29,14.20,2.45,34.89,3.55,5.23
1842.42,21.58,3.11,53.67,4.94,5.90
1855.55,28.96,4.96,72.45,6.33,6.76
1868.68,43.23,6.80,136.13,8.58,7.63
1881.82,57.50,10.31,178.08,10.82,8.98
1894.95,78.56,13.82,220.04,13.71,10.34
1908.08,99.61,18.42,260.65,16.59,12.32
1921.21,122.75,23.02,301.25,19.66,14.29
1934.34,145.90,27.33,323.41,22.74,16.73
1947.47,162.57,31.65,345.56,25.20,19.18
1960.61,179.24,33.98,336.72,27.66,21.45
1973.74,181.39,36.31,327.88,28.27,23.72
1986.87,183.55,35.46,290.99,28.88,24.59
2000.00,169.68,34.61,254.11,26.81,25.46
2001.00,155.81,30.95,207.00,24.75,24.07
2015.91,132.59,27.29,159.90,20.64,22.68
2030.82,109.37,22.69,121.20,16.53,19.62
2045.73,86.44,18.09,82.51,12.27,16.56
2060.64,63.52,10.83,59.42,8.01,13.36
2075.55,47.12,8.85,36.32,5.23,10.15
2090.46,30.73,6.87,25.63,2.44,7.78
2105.37,21.74,6.06,14.94,1.33,5.41
2120.28,12.76,5.25,10.93,0.22,4.08
2135.19,8.86,4.84,6.93,0.11,2.75
2150.10,4.96,4.43,5.80,0.00,2.00
2165.01,3.73,4.11,4.67,0.36,2.23
2179.93,2.50,3.79,4.60,0.71,2.46
2194.84,2.71,3.76,4.54,1.70,2.80
2209.75,3.20,3.74,4.74,2.08,3.13
2224.66,3.69,4.12,4.94,2.45,3.26
2239.57,3.81,4.51,5.05,2.68,3.39
2254.48,3.94,5.08,5.16,2.91,3.30
2269.39,3.58,5.65,5.18,3.21,3.21
2284.30,3.23,6.10,5.19,3.51,3.03
2299.21,2.76,6.55,5.31,3.94,2.85
2314.12,2.29,6.68,5.43,4.36,2.71
2329.03,2.03,6.82,5.77,4.75,2.56
2343.94,1.78,6.61,5.49,5.14,2.48
2358.85,1.65,6.40,5.21,5.34,2.40
2373.76,1.53,6.02,4.40,5.55,2.30
2388.67,1.21,5.63,3.60,5.49,2.20
2403.58,0.90,5.20,3.06,5.44,2.15
2418.49,0.57,4.77,2.53,5.06,2.11
2433.40,0.25,4.20,2.89,4.69,2.44
2448.31,0.27,3.62,3.25,4.06,2.76
2463.22,0.29,2.82,3.96,3.44,3.38
2478.13,0.47,2.02,4.67,2.77,3.99
2493.04,0.65,1.28,4.83,2.10,4.30
2507.96,0.71,0.54,4.99,1.83,4.60
2522.87,0.77,0.00,4.61,1.56,4.29
2537.78,0.75,0.23,4.23,1.82,3.99
2552.69,0.73,0.46,3.89,2.09,2.82
2567.60,0.66,1.17,3.55,2.27,2.36
2582.51,0.59,1.87,3.44,2.45,1.90
2597.42,0.50,2.74,3.33,2.15,1.64
2612.33,0.41,3.61,3.14,1.85,1.38
2627.24,0.44,4.05,2.96,1.53,1.19
2642.15,0.45,4.48,2.46,1.21,1.00
2657.06,0.46,4.10,1.97,1.21,0.75
2671.97,0.34,3.72,1.34,1.21,0.49
2686.88,0.22,2.89,0.71,1.23,0.26
2701.79,0.11,2.07,0.36,1.25,0.02
2716.70,0.00,1.54,0.00,1.14,0.01
2731.61,0.00,1.01,0.04,1.03,0.00
2746.52,0.00,1.12,0.07,1.25,0.30
2761.43,0.15,1.22,0.38,1.64,0.60
2776.34,0.31,1.66,0.69,2.03,1.10
2791.25,0.53,2.10,1.02,2.16,1.60
2806.16,0.75,2.43,1.34,2.29,1.98
2821.07,0.90,2.77,1.72,1.88,2.36
2835.99,1.05,2.79,2.10,1.47,2.35
2850.90,1.21,2.82,3.33,0.89,2.35
2865.81,1.37,2.63,3.89,0.32,2.10
2880.72,1.66,2.43,4.45,0.16,1.85
2895.63,1.94,2.34,4.36,0.00,1.72
2910.54,2.08,2.25,4.27,0.44,1.59
2925.45,2.22,2.58,3.57,0.89,1.70
2940.36,1.98,2.92,2.87,1.42,1.77
2955.27,1.74,3.67,2.29,1.95,1.83
2970.18,1.46,4.42,1.71,1.93,1.88
2985.09,1.18,5.19,1.65,1.92,1.92
3000.00,1.24,5.96,1.59,1.55,1.92
3001.00,1.31,6.42,1.81,1.18,1.92
3028.02,1.53,5.95,2.02,1.28,1.74
3055.04,1.74,5.47,2.21,1.38,1.57
3082.05,1.72,4.76,2.41,2.13,1.37
3109.07,1.71,4.06,2.46,2.88,1.18
3136.09,1.59,3.69,2.51,3.51,1.47
3163.11,1.79,3.33,2.42,4.14,1.75
3190.13,1.99,3.33,2.33,4.09,2.59
3217.14,2.06,3.33,2.29,4.05,3.42
3244.16,2.13,3.33,2.25,3.56,4.17
3271.18,1.69,3.32,2.35,3.08,4.91
3298.20,1.25,3.22,2.44,2.66,4.89
3325.22,0.82,3.11,2.57,2.25,4.86
3352.23,0.40,3.12,2.69,2.28,4.16
3379.25,0.59,3.12,2.86,2.31,3.45
3406.27,0.78,3.20,3.02,2.80,2.85
3433.29,1.33,3.28,3.38,3.29,2.24
3460.31,1.87,3.24,3.74,3.82,2.17
3487.32,2.16,3.19,4.19,4.36,2.09
3514.34,2.44,3.12,4.64,5.00,2.29
3541.36,2.27,3.04,4.78,5.14,2.48
3568.38,2.09,3.06,4.93,5.28,3.10
3595.40,1.65,3.08,4.39,5.27,3.63
3622.41,1.21,3.00,3.86,5.26,4.17
3649.43,0.80,2.92,1.79,5.22,4.66
3676.45,0.38,2.66,1.06,5.19,5.15
3703.47,0.19,2.41,0.33,5.28,5.18
3730.49,0.00,2.26,0.46,5.36,5.21
3757.50,0.02,2.12,0.59,5.36,4.89
3784.52,0.04,2.26,1.12,5.36,4.58
3811.54,0.21,2.40,1.66,4.98,4.28
3838.56,0.38,2.88,1.84,4.60,3.98
3865.58,0.53,2.94,2.03,3.87,3.63
3892.59,0.67,3.01,1.91,3.13,3.28
3919.61,0.72,3.00,1.79,2.25,2.65
3946.63,0.77,2.98,1.93,1.36,2.01
3973.65,0.82,3.04,2.06,0.68,1.32
4000.67,0.94,3.10,2.47,0.00,0.63
4027.68,1.06,2.92,2.87,0.00,0.32
4054.70,1.31,2.75,2.97,0.00,0.00
4081.72,1.56,2.09,3.07,0.85,0.05
4108.74,1.79,1.43,2.69,1.70,0.11
4135.76,2.02,0.73,2.31,2.87,0.39
4162.77,2.05,0.04,1.88,4.05,0.67
4189.79,2.08,0.02,1.46,4.75,1.14
4216.81,1.96,0.00,1.28,5.45,1.61
4243.83,1.84,0.64,1.11,5.47,2.47
4270.85,1.61,1.29,1.14,5.48,2.61
4297.86,1.39,1.87,1.18,5.16,2.76
4324.88,1.02,2.45,1.33,4.84,2.90
4351.90,0.64,2.52,1.49,4.51,3.03
4378.92,0.32,2.58,1.65,4.19,3.51
4405.94,0.01,2.55,1.81,4.04,4.00
4432.96,0.13,2.51,1.92,3.89,4.58
4459.97,0.26,2.91,2.04,4.25,5.17
4486.99,0.73,3.30,2.14,4.62,5.41
4514.01,1.20,3.91,2.25,5.00,5.65
4541.03,1.50,4.51,2.30,5.24,5.66
4568.04,1.80,4.64,2.35,5.48,5.67
4595.06,1.88,4.77,2.20,5.43,5.74
4622.08,1.96,4.22,2.04,5.37,5.81
4649.10,2.26,3.68,1.88,5.04,5.81
4676.12,2.56,2.22,1.67,4.72,5.81
4703.14,3.10,1.78,1.46,4.29,5.53
4730.15,3.64,1.34,1.26,3.86,5.26
4757.17,4.08,1.28,1.06,3.56,4.83
4784.19,3.72,1.22,1.01,3.26,4.40
4811.21,3.37,1.42,0.96,3.17,3.97
4838.23,2.89,1.62,1.04,3.08,3.54
4865.24,2.42,1.85,1.12,3.13,3.22
4892.26,2.22,2.09,1.21,3.18,2.91
4919.28,2.01,2.20,1.29,3.43,2.86
4946.30,1.87,2.30,1.31,3.67,3.11
4973.32,1.72,2.36,1.33,4.18,3.35
5000.33,1.43,2.42,1.37,4.70,3.56
5027.35,1.13,2.57,1.42,5.35,3.77
5054.37,1.01,2.72,1.55,6.00,3.71
5081.39,0.89,2.86,1.69,6.36,3.64
5108.41,1.18,2.99,1.74,6.73,3.40
5135.42,1.48,3.05,1.78,6.55,3.16
5162.44,1.76,3.11,1.65,6.37,3.12
5189.46,2.05,3.27,1.52,5.89,3.08
5216.48,1.97,3.43,1.60,5.42,3.46
5243.50,1.89,3.67,1.67,5.12,3.85
5270.51,1.69,3.91,2.12,4.82,4.27
5297.53,1.49,3.95,2.57,4.92,4.70
5324.55,1.49,3.99,2.87,5.01,4.63
5351.57,1.49,3.81,3.18,5.33,4.56
5378.59,1.78,3.62,2.81,5.65,4.05
5405.60,2.07,3.44,2.43,5.77,3.53
5432.62,2.46,3.25,1.64,5.89,3.04
5459.64,2.85,3.16,0.85,5.07,2.55
5486.66,2.95,3.06,0.43,4.42,2.27
5513.68,3.05,2.83,0.00,3.78,2.00
5540.69,2.98,3.20,1.76,4.00,1.94
5567.71,2.91,3.57,6.38,4.23,1.87
5594.73,5.76,7.09,11.00,8.17,2.97
5621.75,12.92,10.61,25.95,12.12,4.06
5648.77,20.09,23.75,40.90,26.52,16.44
5675.78,40.79,36.88,77.54,40.92,36.54
5702.80,61.48,70.04,114.19,77.42,56.64
5729.82,105.60,103.20,183.06,113.92,103.43
5756.84,149.72,166.57,251.93,184.58,150.21
5783.86,222.75,229.94,351.99,255.24,233.68
5810.87,295.78,324.47,452.06,361.37,317.15
5837.89,389.91,419.00,562.55,467.49,432.87
5864.91,484.05,527.96,673.03,588.49,548.59
5891.93,574.31,636.93,755.91,709.49,668.77
5918.95,664.58,726.44,838.79,803.51,788.95
5945.96,716.42,815.95,856.16,897.52,867.50
5972.98,768.27,848.88,873.53,921.05,946.04
6000.00,756.98,881.82,813.90,944.57,943.44
6026.79,745.69,840.76,754.26,883.00,940.84
6053.62,675.54,799.71,644.92,821.43,855.20
6080.45,605.38,702.07,535.58,703.91,769.56
6107.28,508.42,604.42,423.66,586.38,641.98
6134.11,411.46,491.94,311.74,465.04,514.39
6160.94,324.19,379.46,231.07,343.70,397.75
6187.77,236.92,289.37,150.39,256.06,281.10
6214.60,178.21,199.28,106.89,168.43,204.50
6241.43,119.50,144.91,63.40,120.73,127.90
6268.26,88.22,90.54,45.44,73.02,89.90
6295.09,56.95,64.90,27.48,52.34,51.90
6321.92,43.11,39.26,21.70,31.65,22.31
6348.75,29.26,29.40,15.91,23.98,17.30
6375.58,18.25,19.54,14.13,16.30,12.29
6402.41,15.94,12.81,12.34,13.72,10.50
6429.24,13.63,11.76,10.00,11.13,8.72
6456.07,12.44,10.71,8.84,9.79,8.13
6482.90,11.25,10.43,7.67,9.83,7.55
6509.73,10.47,10.15,6.83,9.87,7.44
6536.56,9.69,9.98,5.99,9.94,7.33
6563.39,8.86,9.81,5.62,10.02,7.09
6590.22,8.02,9.54,5.26,9.83,6.85
6617.05,6.97,9.27,5.13,9.65,6.37
6643.88,5.93,8.86,5.00,9.26,5.90
6670.71,5.02,8.44,4.75,8.88,5.60
6697.54,4.12,7.85,4.49,8.40,5.30
6724.37,3.70,7.26,4.15,7.93,5.24
6751.20,3.27,6.64,3.81,7.31,5.18
6778.03,3.21,6.01,3.85,6.69,4.80
6804.86,3.15,5.54,3.88,6.04,4.42
6831.69,3.18,5.07,4.35,5.40,3.60
6858.52,3.20,4.78,4.81,5.07,2.78
6885.35,3.30,4.50,5.03,4.74,2.22
6912.18,3.40,4.34,5.26,4.78,1.65
6939.01,3.59,4.19,4.71,4.82,1.69
6965.84,3.78,4.08,4.16,4.82,1.73
6992.67,3.77,3.96,3.11,4.82,1.93
7019.50,3.75,3.79,2.07,4.56,2.13
7046.33,3.34,3.61,1.24,4.30,2.35
7073.16,2.92,3.31,0.42,3.94,2.50
7099.99,2.41,3.01,0.26,3.58,2.66
7126.82,1.89,2.72,0.10,3.21,2.67
7153.65,1.63,2.44,0.50,2.83,2.68
7180.48,1.36,2.58,0.90,2.51,2.31
7207.31,1.26,2.73,1.43,2.19,1.95
7234.14,1.35,4.17,1.96,2.22,1.49
7260.97,1.44,4.85,2.21,2.25,1.04
7287.80,1.80,5.54,2.46,2.64,0.86
7314.63,2.15,5.46,2.47,3.03,0.67
7341.46,2.59,5.39,2.47,3.27,0.75
7368.29,3.03,4.66,2.81,3.50,0.83
7395.12,3.07,3.93,3.09,3.43,1.07
7421.95,3.12,3.17,3.38,3.35,1.31
7448.78,2.57,2.42,3.26,3.57,1.67
7475.61,2.03,2.06,3.15,4.00,2.02
7502.44,1.29,1.71,2.75,4.44,2.37
7529.27,0.55,1.75,2.36,4.66,2.72
7556.10,0.27,1.79,2.15,4.88,2.96
7582.93,0.00,1.87,1.94,4.55,3.19
7609.76,0.31,1.95,1.87,4.22,3.33
7636.59,0.62,1.79,1.80,3.66,3.46
7663.42,1.23,1.63,1.70,3.10,3.59
7690.25,1.84,1.45,1.60,2.81,3.71
7717.08,2.17,1.27,1.54,2.53,3.72
7743.91,2.50,1.35,1.48,2.69,3.38
7770.74,2.30,1.44,1.42,2.85,3.05
7797.57,2.11,1.74,1.36,3.00,2.66
7824.40,1.64,2.04,1.28,3.16,2.27
7851.23,1.17,2.38,1.20,2.97,2.36
7878.06,0.82,2.71,1.32,2.78,2.46
7904.90,0.47,2.88,1.44,2.67,3.01
7931.73,0.31,3.04,1.84,2.56,3.57
7958.56,0.16,2.80,2.25,2.91,4.08
7985.39,0.00,2.57,2.50,3.25,4.60
8012.22,0.00,2.05,2.75,3.64,4.65
8039.05,0.00,1.53,2.51,4.03,4.69
8065.88,0.00,0.81,2.28,4.06,4.21
8092.71,0.00,0.63,1.90,4.08,3.73
8119.54,0.00,0.45,1.53,3.79,3.13
8146.37,0.00,0.22,1.57,3.50,2.53
8173.20,0.00,0.00,1.60,2.97,2.19
8200.03,0.00,0.04,1.98,2.44,1.86
8226.86,0.00,0.07,2.36,1.79,1.77
8253.69,0.00,0.54,2.57,1.14,1.69
8280.52,0.00,1.00,2.77,0.70,1.83
8307.35,0.00,1.51,2.31,0.25,1.97
8334.18,0.00,2.02,1.92,0.13,2.20
8361.01,0.00,2.53,1.52,0.00,2.44
8387.84,0.00,3.03,1.42,0.15,2.41
8414.67,0.00,3.67,1.31,0.26,2.30
8441.50,0.25,4.30,1.61,0.37,2.19
8468.33,0.50,4.51,1.91,0.39,2.36
8495.16,0.76,4.72,2.34,0.41,2.52
8521.99,1.01,3.99,2.76,0.45,2.56
8548.82,1.48,3.26,3.05,0.50,2.60
8575.65,1.95,2.25,3.35,0.76,2.12
8602.48,2.28,1.25,3.48,1.02,1.64
8629.31,2.60,1.00,3.62,1.40,1.31
8656.14,2.45,0.76,3.59,1.77,0.98
8682.97,2.29,1.29,3.56,1.99,1.44
8709.80,1.93,1.83,3.38,2.22,1.90
8736.63,1.57,2.40,3.20,2.22,2.54
8763.46,1.39,2.96,3.10,2.23,3.19
8790.29,1.21,3.17,3.00,2.20,3.33
8817.12,1.36,3.38,3.18,2.18,3.48
8843.95,1.73,3.30,3.37,2.30,3.34
8870.78,2.10,3.23,3.60,2.42,3.21
8897.61,2.53,2.44,3.83,2.58,3.10
8924.44,2.97,1.78,3.82,2.73,3.00
8951.27,2.98,1.12,3.80,2.82,2.76
8978.10,2.98,0.73,3.60,2.91,2.52
9004.93,2.57,0.34,3.39,3.03,2.13
9031.76,2.15,0.66,3.12,3.14,1.74
9058.59,1.76,0.98,2.85,3.24,1.61
9085.42,1.37,1.76,2.66,3.34,1.49
9112.25,1.10,2.55,2.47,3.46,2.21
9139.08,0.84,3.31,2.51,3.57,2.59
9165.91,0.69,4.07,2.55,3.87,2.98
9192.74,0.54,4.49,2.63,4.18,3.05
9219.57,0.65,4.91,2.72,4.46,3.12
9246.40,0.76,4.83,2.33,4.75,3.14
9273.23,0.93,4.74,2.06,4.50,3.17
9300.06,1.10,4.24,1.79,4.24,3.32
9326.89,0.97,3.74,1.76,3.35,3.46
9353.72,0.85,3.18,1.72,2.46,3.37
9380.55,0.53,2.62,1.72,0.69,3.27
9407.38,0.22,2.35,1.71,0.55,2.91
9434.21,0.11,2.08,1.40,0.42,2.54
9461.04,0.00,2.12,1.09,0.92,2.34
9487.87,0.19,2.17,0.65,1.41,2.13
9514.70,0.39,2.45,0.20,1.67,2.09
9541.53,0.71,2.74,0.10,1.92,2.05
9568.36,1.04,3.22,0.00,1.66,1.91
9595.19,1.38,3.71,0.40,1.40,1.78
9622.02,1.72,4.11,0.79,1.33,1.61
9648.85,2.58,4.50,1.36,1.26,1.44
9675.68,3.07,4.54,1.93,1.75,1.28
9702.51,3.56,4.57,2.28,2.24,1.12
9729.34,3.74,4.36,2.62,2.66,0.83
9756.17,3.93,4.14,2.52,3.08,0.54
9783.00,3.48,3.37,2.43,2.86,0.00
9809.83,3.03,2.92,2.10,2.65,0.05
9836.67,2.23,2.47,1.77,2.10,0.11
9863.50,1.42,2.35,1.80,1.55,0.48
9890.33,0.86,2.23,1.83,1.19,0.85
9917.16,0.31,2.51,2.45,0.83,1.38
9943.99,0.16,2.78,3.06,0.66,1.91
9970.82,0.02,3.03,3.62,0.49,2.53
9997.65,0.01,3.28,4.19,0.29,3.15
10024.48,0.00,3.24,4.00,0.08,3.73
10051.31,0.04,3.21,3.82,0.04,4.31
10078.14,0.09,3.12,3.17,0.00,4.66
10104.97,0.33,3.04,2.52,0.45,5.00
10131.80,0.57,3.21,2.14,0.90,4.91
10158.63,0.88,3.38,1.76,1.63,4.83
10185.46,1.20,3.62,1.80,2.35,4.50
10212.29,1.52,3.87,1.93,2.75,4.17
10239.12,1.83,3.79,2.05,3.15,4.17
10265.95,2.12,3.71,2.10,3.19,4.16
10292.78,2.40,3.33,2.16,3.22,4.62
10319.61,2.40,2.96,2.13,3.24,5.07
10346.44,2.40,2.63,2.11,3.25,5.43
10373.27,2.11,2.30,2.18,3.27,5.80
10400.10,1.81,2.13,2.26,3.12,5.66
10426.93,1.45,1.96,2.71,2.97,5.53
10453.76,1.48,2.04,3.15,2.70,4.99
10480.59,1.50,2.11,3.80,2.43,4.45
10507.42,1.55,2.45,4.46,2.15,3.18
10534.25,1.59,2.78,4.72,1.87,2.66
10561.08,1.65,3.07,4.97,1.63,2.15
10587.91,1.71,3.35,4.50,1.40,1.88
10614.74,1.85,3.37,4.02,1.26,1.61
10641.57,1.98,3.25,3.23,1.13,1.72
10668.40,2.15,3.13,2.44,1.14,1.82
10695.23,2.31,3.08,2.05,1.16,2.11
10722.06,2.42,3.03,1.67,1.32,2.40
10748.89,2.53,3.03,1.86,1.48,2.58
10775.72,2.51,3.04,2.04,1.63,2.77
10802.55,2.48,3.09,2.33,1.78,2.92
10829.38,2.33,3.14,2.62,1.70,3.08
10856.21,2.18,3.37,2.55,1.63,3.53
10883.04,2.09,3.61,2.49,1.36,3.98
10909.87,2.00,4.00,2.00,1.08,4.60
10936.70,1.99,4.40,1.50,0.75,5.23
10963.53,1.98,4.75,0.90,0.41,5.66
10990.36,1.86,5.10,0.30,0.20,6.09
11017.19,1.75,5.27,0.15,0.00,6.27
11044.02,1.53,5.45,0.00,0.21,6.46
11070.85,1.31,5.36,1.01,0.42,6.47
11097.68,1.12,5.27,1.78,0.97,6.49
11124.51,0.94,4.86,2.55,1.52,6.28
11151.34,0.88,4.44,3.16,1.87,6.07
11178.17,0.83,3.95,3.77,2.22,5.36
11205.00,0.93,3.47,4.17,2.08,5.09
11231.83,1.04,3.38,4.58,1.94,4.83
11258.66,1.61,3.29,4.93,1.78,4.71
11285.49,2.03,3.77,5.29,1.62,4.58
11312.32,2.45,4.25,5.53,2.46,4.55
11339.15,2.79,4.91,5.77,3.37,4.51
11365.98,3.13,5.56,5.49,4.27,4.63
11392.81,3.15,5.73,5.22,4.91,4.75
11419.64,3.17,5.90,4.36,5.54,4.99
11446.47,2.89,4.97,3.51,5.45,5.24
11473.30,2.61,4.48,2.83,5.36,5.42
11500.13,2.24,3.98,2.15,4.84,5.60
11526.96,1.87,3.92,2.30,4.31,5.68
11553.79,1.54,3.85,2.46,3.74,5.76
11580.62,1.21,4.05,3.04,3.17,5.79
11607.45,1.06,4.25,3.62,2.70,5.83
11634.28,0.90,4.57,3.89,2.24,5.67
11661.11,0.99,4.89,4.15,2.17,5.52
11687.94,1.08,5.18,4.04,2.11,4.98
11714.77,1.21,5.48,3.93,2.62,4.44
11741.60,1.33,5.30,3.67,3.13,3.56
11768.43,1.29,5.13,3.41,3.83,2.68
11795.26,1.24,4.53,3.08,4.53,1.74
11822.09,1.08,3.94,2.75,5.02,0.81
11848.92,0.91,3.66,2.63,5.51,0.00
11875.75,0.72,3.38,2.52,5.89,0.68
11902.58,0.53,3.70,2.82,6.27,1.36
11929.42,0.42,4.02,3.13,6.58,2.87
11956.25,0.32,4.35,3.44,6.89,4.38
11983.08,0.40,4.67,3.75,6.87,5.52
12009.91,0.48,4.52,3.79,6.85,6.66
12036.74,0.97,4.37,3.88,6.56,6.83
12063.57,1.22,3.93,3.97,6.26,7.00
12090.40,1.48,3.49,4.29,6.10,6.73
12117.23,1.63,3.11,4.61,5.95,6.45
12144.06,1.79,2.73,4.60,6.02,6.24
12170.89,1.83,2.57,4.59,6.10,6.04
12197.72,1.88,2.42,3.87,6.07,5.98
12224.55,1.88,2.48,3.15,6.04,5.93
12251.38,1.89,2.54,2.24,5.66,5.97
12278.21,1.88,2.48,1.33,5.29,6.02
12305.04,1.87,2.42,1.07,4.15,5.98
12331.87,1.87,1.39,0.81,3.72,5.95
12358.70,1.87,0.74,1.34,3.29,5.73
12385.53,1.97,0.10,1.87,3.04,5.51
12412.36,2.07,0.05,2.63,2.78,5.23
12439.19,2.25,0.00,3.39,2.54,4.96
12466.02,2.44,0.80,3.88,2.29,4.73
12492.85,2.51,1.59,4.37,2.02,4.50
12519.68,2.59,2.68,4.47,1.74,4.37
12546.51,2.38,3.78,4.57,1.55,4.23
12573.34,2.16,4.34,4.41,1.36,4.31
12600.17,1.72,4.90,4.26,1.44,4.44
12627.00,1.29,4.71,4.08,1.52,4.57
12653.83,0.91,4.52,3.91,1.97,4.63
12680.66,0.53,4.13,3.92,2.41,4.68
12707.49,0.35,3.74,3.93,2.86,4.63
12734.32,0.17,3.60,4.08,3.31,4.57
12761.15,0.10,3.45,4.23,3.39,4.60
12787.98,0.04,3.45,4.28,3.47,4.63
12814.81,0.21,3.45,4.33,3.40,4.91
12841.64,0.37,3.43,4.21,3.33,5.18
12868.47,1.26,3.40,4.09,3.32,5.51
12895.30,1.60,3.42,3.88,3.32,5.85
12922.13,1.95,3.45,3.67,3.21,6.00
12948.96,1.96,3.45,3.19,3.09,6.15
12975.79,1.97,3.44,2.97,2.84,6.11
13002.62,1.93,3.33,2.75,2.59,6.08
13029.45,1.88,3.22,2.61,2.36,6.00
13056.28,2.02,3.36,2.47,2.13,5.93
13083.11,2.15,3.49,2.50,1.92,5.97
13109.94,2.27,4.09,2.54,1.72,6.02
13136.77,2.39,4.70,2.69,1.49,6.27
13163.60,2.35,5.79,2.85,1.27,6.52
13190.43,2.31,5.64,2.90,1.13,6.77
13217.26,2.37,5.50,2.95,0.99,7.02
13244.09,2.44,4.85,3.03,1.05,7.08
13270.92,2.80,4.20,3.10,1.12,6.88
13297.75,3.16,3.77,3.63,1.60,6.69
13324.58,3.52,3.33,4.16,1.74,6.39
13351.41,3.87,3.40,5.09,1.89,6.09
13378.24,3.96,3.47,6.02,1.81,5.82
13405.07,4.05,3.71,6.67,1.73,5.56
13431.90,3.96,3.94,7.32,1.68,5.30
13458.73,3.87,4.09,7.24,1.64,5.04
13485.56,3.61,4.23,7.16,1.90,4.79
13512.39,3.36,4.43,6.61,2.15,4.54
13539.22,2.95,4.62,6.07,2.54,4.49
13566.05,2.53,4.91,5.59,2.93,4.45
13592.88,2.27,5.20,5.11,3.24,4.53
13619.71,2.01,5.32,4.82,3.56,4.62
13646.54,2.14,5.44,4.54,3.96,4.43
13673.37,2.26,5.12,4.26,4.37,4.24
13700.20,2.96,4.79,3.97,4.88,3.81
13727.03,3.17,4.04,3.73,5.39,3.38
13753.86,3.39,3.30,3.49,5.53,3.30
13780.69,3.29,2.71,3.56,5.67,3.22
13807.52,3.20,2.12,3.64,5.06,3.78
13834.36,2.93,2.23,4.18,4.46,4.33
13861.19,2.66,2.34,4.73,3.37,4.92
13888.02,2.46,2.89,6.16,2.28,5.52
13914.85,2.26,3.45,6.41,1.33,5.47
13941.68,2.23,3.84,6.65,0.38,5.42
13968.51,2.19,4.23,6.25,0.19,4.18
13995.34,2.16,4.29,5.84,0.00,3.58
14022.17,2.13,4.11,5.37,0.68,2.98
14049.00,1.98,3.93,4.90,1.36,2.66
14075.83,1.83,3.76,4.91,2.13,2.35
14102.66,1.74,3.59,4.92,2.90,2.26
14129.49,1.66,3.58,5.26,3.06,2.18
14156.32,1.90,3.56,5.61,3.21,2.25
14183.15,2.14,3.58,5.72,3.03,2.33
14209.98,2.61,3.61,5.84,2.86,2.42
14236.81,3.08,3.55,5.47,3.00,2.52
14263.64,3.56,3.49,5.10,3.31,2.51
14290.47,4.04,3.37,4.60,3.61,2.51
14317.30,4.38,3.24,4.11,3.77,2.58
14344.13,4.72,2.89,3.91,3.93,2.65
14370.96,4.77,2.54,3.71,3.88,2.91
14397.79,4.81,1.85,3.63,3.82,3.17
14424.62,4.54,1.16,3.55,3.83,3.29
14451.45,4.27,0.58,3.28,3.84,3.41
14478.28,3.50,0.00,3.00,3.89,2.97
14505.11,3.14,0.00,2.73,3.94,2.52
14531.94,2.79,0.00,2.46,3.60,1.71
14558.77,2.44,0.00,2.42,3.27,0.91
14585.60,2.09,0.00,2.38,2.51,0.45
14612.43,1.92,0.00,2.38,1.74,0.00
14639.26,1.75,0.00,2.38,1.24,0.10
14666.09,2.02,0.00,2.28,0.73,0.42
14692.92,2.29,0.00,2.19,1.10,0.74
14719.75,2.75,0.00,2.00,1.47,1.08
14746.58,3.21,0.00,1.81,2.34,1.42
14773.41,3.41,0.11,1.39,3.21,1.65
14800.24,3.61,0.22,0.97,3.72,1.88
14827.07,3.56,0.94,0.00,4.24,1.82
14853.90,3.51,1.22,0.00,4.32,1.77
14880.73,3.42,1.49,0.00,4.40,1.34
14907.56,3.34,1.40,0.49,4.42,0.92
14934.39,3.07,1.31,0.97,4.45,0.46
14961.22,2.80,0.97,1.43,4.32,0.00
14988.05,2.11,0.62,1.89,4.19,0.00
15014.88,1.42,0.45,2.01,3.77,0.00
15041.71,0.71,0.28,2.13,3.35,0.00
15068.54,0.00,0.42,2.15,2.89,0.00
15095.37,0.00,0.55,2.16,2.43,0.00
15122.20,0.00,0.67,2.14,1.97,0.00
15149.03,0.34,0.79,2.11,1.51,0.00
15175.86,0.68,0.69,1.96,0.99,0.00
15202.69,0.97,0.59,1.82,0.47,0.00
15229.52,1.27,0.30,1.70,0.00,0.00
15256.35,1.11,0.00,1.59,0.29,0.00
15283.18,0.95,0.00,1.63,0.58,0.00
15310.01,0.00,0.00,1.67,1.10,0.00
15336.84,0.00,0.00,1.86,1.63,0.00
15363.67,0.00,0.00,2.04,2.04,0.00
15390.50,0.00,0.00,2.25,2.44,0.00
15417.33,0.00,0.00,2.47,2.69,0.00
15444.16,0.00,0.00,2.41,2.93,0.00
15470.99,0.00,0.00,2.35,2.98,0.00
15497.82,0.00,0.00,1.83,3.04,0.00
15524.65,0.00,0.00,1.32,2.75,0.00
15551.48,0.00,0.00,0.66,2.46,0.00
15578.31,0.00,0.00,0.00,1.89,0.00
15605.14,0.00,0.00,0.00,1.32,0.00
15631.97,0.00,0.00,0.00,0.86,0.00
15658.80,0.00,0.00,0.00,0.39,0.00
15685.63,0.00,0.00,0.00,0.19,0.00
15712.46,0.00,0.00,0.00,0.00,0.00
15739.29,0.00,0.00,0.00,0.00,0.00
15766.12,0.00,0.00,0.00,0.00,0.00
15792.96,0.00,0.00,0.00,0.00,0.00
15819.79,0.00,0.00,0.00,0.00,0.00
15846.62,0.00,0.00,0.00,0.00,0.00
15873.45,0.00,0.00,0.00,0.00,0.00
15900.28,0.00,0.00,0.00,0.00,0.00
15927.11,0.00,0.00,0.00,0.00,0.00
15953.94,0.00,0.00,0.00,0.00,0.00
15980.77,0.00,0.00,0.00,0.00,0.00
16007.60,0.00,0.00,0.00,0.00,0.00
16034.43,0.00,0.00,0.00,0.00,0.00
16061.26,0.00,0.00,0.00,0.00,0.00
16088.09,0.00,0.00,0.00,0.00,0.00
16114.92,0.00,0.00,0.00,0.00,0.00
16141.75,0.00,0.00,0.00,0.00,0.00
16168.58,0.00,0.00,0.00,0.00,0.00
16195.41,0.00,0.00,0.00,0.00,0.00
16222.24,0.00,0.00,0.00,0.00,0.00
16249.07,0.00,0.00,0.00,0.00,0.00
16275.90,0.00,0.00,0.00,0.00,0.00
16302.73,0.00,0.00,0.00,0.00,0.00
16329.56,0.00,0.00,0.00,0.00,0.00
16356.39,0.00,0.00,0.00,0.00,0.00
16383.22,0.00,0.00,0.00,0.00,0.00
16410.05,0.00,0.00,0.00,0.00,0.00
16436.88,0.00,0.00,0.00,0.00,0.00
16463.71,0.00,0.00,0.00,0.00,0.00
16490.54,0.00,0.00,0.00,0.00,0.00
16517.37,0.00,0.00,0.00,0.00,0.00
16544.20,0.00,0.00,0.00,0.00,0.00
16571.03,0.00,0.00,0.00,0.00,0.00
16597.86,0.00,0.00,0.00,0.00,0.00
16624.69,0.00,0.00,0.00,0.00,0.00
16651.52,0.00,0.00,0.00,0.00,0.00
16678.35,0.00,0.00,0.00,0.00,0.00
16705.18,0.00,0.00,0.00,0.00,0.00
16732.01,0.00,0.00,0.00,0.00,0.00
16758.84,0.00,0.00,0.00,0.00,0.00
16785.67,0.00,0.00,0.00,0.00,0.00
16812.50,0.00,0.00,0.00,0.00,0.00
16839.33,0.00,0.00,0.00,0.00,0.00
16866.16,0.00,0.00,0.00,0.00,0.00
16892.99,0.00,0.00,0.00,0.00,0.00
16919.82,0.00,0.00,0.00,0.00,0.00
16946.65,0.00,0.00,0.00,0.00,0.00
16973.48,0.00,0.00,0.00,0.00,0.00
17000.31,0.00,0.00,0.00,0.00,0.00
17027.14,0.00,0.00,0.00,0.00,0.00
17053.97,0.00,0.00,0.00,0.00,0.00
17080.80,0.00,0.00,0.00,0.00,0.00
17107.63,0.00,0.00,0.00,0.00,0.00
17134.46,0.00,0.00,0.00,0.00,0.00
17161.29,0.00,0.00,0.00,0.00,0.00
17188.12,0.00,0.00,0.00,0.00,0.00
17214.95,0.00,0.00,0.00,0.00,0.00
17241.78,0.00,0.00,0.00,0.00,0.00
17268.61,0.00,0.00,0.00,0.00,0.00
17295.44,0.00,0.00,0.00,0.00,0.00
17322.27,0.00,0.00,0.00,0.00,0.00
17349.10,0.00,0.00,0.00,0.00,0.00
17375.93,0.00,0.00,0.00,0.00,0.00
17402.76,0.00,0.00,0.00,0.00,0.00
17429.59,0.00,0.00,0.00,0.00,0.00
17456.42,0.00,0.00,0.00,0.00,0.00
17483.25,0.00,0.00,0.00,0.00,0.00
17510.08,0.00,0.00,0.00,0.00,0.00
17536.91,0.00,0.00,0.00,0.00,0.00
17563.74,0.00,0.00,0.00,0.00,0.00
17590.57,0.00,0.00,0.00,0.00,0.00
17617.40,0.00,0.00,0.00,0.00,0.00
17644.23,0.00,0.00,0.00,0.00,0.00
17671.06,0.00,0.00,0.00,0.00,0.00
17697.89,0.00,0.00,0.00,0.00,0.00
17724.72,0.00,0.00,0.00,0.00,0.00
17751.55,0.00,0.00,0.00,0.00,0.00
17778.38,0.00,0.00,0.00,0.00,0.00
17805.21,0.00,0.00,0.00,0.00,0.00
17832.04,0.00,0.00,0.00,0.00,0.00
17858.87,0.00,0.00,0.00,0.00,0.00
17885.71,0.00,0.00,0.00,0.00,0.00
17912.54,0.00,0.00,0.00,0.00,0.00
17939.37,0.00,0.00,0.00,0.00,0.00
17966.20,0.00,0.00,0.00,0.00,0.00
17993.03,0.00,0.00,0.00,0.00,0.00
18019.86,0.00,0.00,0.00,0.00,0.00
18046.69,0.00,0.00,0.00,0.00,0.00
18073.52,0.00,0.00,0.00,0.00,0.00
18100.35,0.00,0.00,0.00,0.00,0.00
18127.18,0.00,0.00,0.00,0.00,0.00
18154.01,0.00,0.00,0.00,0.00,0.00
18180.84,0.00,0.00,0.00,0.00,0.00
18207.67,0.00,0.00,0.00,0.00,0.00
18234.50,0.00,0.00,0.00,0.00,0.00
18261.33,0.00,0.00,0.00,0.00,0.00
18288.16,0.00,0.00,0.00,0.00,0.00
18314.99,0.00,0.00,0.00,0.00,0.00
18341.82,0.00,0.00,0.00,0.00,0.00
18368.65,0.00,0.00,0.00,0.00,0.00
18395.48,0.00,0.00,0.00,0.00,0.00
18422.31,0.00,0.00,0.00,0.00,0.00
18449.14,0.00,0.00,0.00,0.00,0.00
18475.97,0.00,0.00,0.00,0.00,0.00
18502.80,0.00,0.00,0.00,0.00,0.00
18529.63,0.00,0.00,0.00,0.00,0.00
18556.46,0.00,0.00,0.00,0.00,0.00
18583.29,0.00,0.00,0.00,0.00,0.00
18610.12,0.00,0.00,0.00,0.00,0.00
18636.95,0.00,0.00,0.00,0.00,0.00
18663.78,0.00,0.00,0.00,0.00,0.00
18690.61,0.00,0.00,0.00,0.00,0.00
18717.44,0.00,0.00,0.00,0.00,0.00
18744.27,0.00,0.00,0.00,0.00,0.00
18771.10,0.00,0.00,0.00,0.00,0.00
18797.93,0.00,0.00,0.00,0.00,0.00
18824.76,0.00,0.00,0.00,0.00,0.00
18851.59,0.00,0.00,0.00,0.00,0.00
18878.42,0.00,0.00,0.00,0.00,0.00
18905.25,0.00,0.00,0.00,0.00,0.00
18932.08,0.00,0.00,0.00,0.00,0.00
18958.91,0.00,0.00,0.00,0.00,0.00
18985.74,0.00,0.00,0.00,0.00,0.00
19012.57,0.00,0.00,0.00,0.00,0.00
19039.40,0.00,0.00,0.00,0.00,0.00
19066.23,0.00,0.00,0.00,0.00,0.00
19093.06,0.00,0.00,0.00,0.00,0.00
19119.89,0.00,0.00,0.00,0.00,0.00
19146.72,0.00,0.00,0.00,0.00,0.00
19173.55,0.00,0.00,0.00,0.00,0.00
19200.38,0.00,0.00,0.00,0.00,0.00
19227.21,0.00,0.00,0.00,0.00,0.00
19254.04,0.00,0.00,0.00,0.00,0.00
19280.87,0.00,0.00,0.00,0.00,0.00
19307.70,0.00,0.00,0.00,0.00,0.00
19334.53,0.00,0.00,0.00,0.00,0.00
19361.36,0.00,0.00,0.00,0.00,0.00
19388.19,0.00,0.00,0.00,0.00,0.00
19415.02,0.00,0.00,0.00,0.00,0.00
19441.85,0.00,0.00,0.00,0.00,0.00
19468.68,0.00,0.00,0.00,0.00,0.00
19495.51,0.00,0.00,0.00,0.00,0.00
19522.34,0.00,0.00,0.00,0.00,0.00
19549.17,0.00,0.00,0.00,0.00,0.00
19576.00,0.00,0.00,0.00,0.00,0.00
19602.83,0.00,0.00,0.00,0.00,0.00
19629.66,0.00,0.00,0.00,0.00,0.00
19656.49,0.00,0.00,0.00,0.00,0.00
19683.32,0.00,0.00,0.00,0.00,0.00
19710.15,0.00,0.00,0.00,0.00,0.00
19736.98,0.00,0.00,0.00,0.00,0.00
19763.81,0.00,0.00,0.00,0.00,0.00
19790.64,0.00,0.00,0.00,0.00,0.00
19817.47,0.00,0.00,0.00,0.00,0.00
19844.30,0.00,0.00,0.00,0.00,0.00
19871.13,0.00,0.00,0.00,0.00,0.00
19897.96,0.00,0.00,0.00,0.00,0.00
19924.79,0.00,0.00,0.00,0.00,0.00
19951.62,0.00,0.00,0.00,0.00,0.00
19978.46,0.00,0.00,0.00,0.00,0.00
20005.29,0.00,0.00,0.00,0.00,0.00
20032.12,0.00,0.00,0.00,0.00,0.00
20058.95,0.00,0.00,0.00,0.00,0.00
20085.78,0.00,0.00,0.00,0.00,0.00
20112.61,0.00,0.00,0.00,0.00,0.00
20139.44,0.00,0.00,0.00,0.00,0.00
20166.27,0.00,0.00,0.00,0.00,0.00
20193.10,0.00,0.00,0.00,0.00,0.00
20219.93,0.00,0.00,0.00,0.00,0.00
20246.76,0.00,0.00,0.00,0.00,0.00
20273.59,0.00,0.00,0.00,0.00,0.00
20300.42,0.00,0.00,0.00,0.00,0.00
20327.25,0.00,0.00,0.00,0.00,0.00
20354.08,0.00,0.00,0.00,0.00,0.00
20380.91,0.00,0.00,0.00,0.00,0.00
20407.74,0.00,0.00,0.00,0.00,0.00
20434.57,0.00,0.00,0.00,0.00,0.00
20461.40,0.00,0.00,0.00,0.00,0.00
20488.23,0.00,0.00,0.00,0.00,0.00
20515.06,0.00,0.00,0.00,0.00,0.00
20541.89,0.00,0.00,0.00,0.00,0.00
20568.72,0.00,0.00,0.00,0.00,0.00
20595.55,0.00,0.00,0.00,0.00,0.00
20622.38,0.00,0.00,0.00,0.00,0.00
20649.21,0.00,0.00,0.00,0.00,0.00
20676.04,0.00,0.00,0.00,0.00,0.00
20702.87,0.00,0.00,0.00,0.00,0.00
20729.70,0.00,0.00,0.00,0.00,0.00
20756.53,0.00,0.00,0.00,0.00,0.00
20783.36,0.00,0.00,0.00,0.00,0.00
20810.19,0.00,0.00,0.00,0.00,0.00
20837.02,0.00,0.00,0.00,0.00,0.00
20863.85,0.00,0.00,0.00,0.00,0.00
20890.68,0.00,0.00,0.00,0.00,0.00
20917.51,0.00,0.00,0.00,0.00,0.00
20944.34,0.00,0.00,0.00,0.00,0.00
20971.17,0.00,0.00,0.00,0.00,0.00
20998.00,0.00,0.00,0.00,0.00,0.00
21024.83,0.00,0.00,0.00,0.00,0.00
21051.66,0.00,0.00,0.00,0.00,0.00
21078.49,0.00,0.00,0.00,0.00,0.00
21105.32,0.00,0.00,0.00,0.00,0.00
21132.15,0.00,0.00,0.00,0.00,0.00
21158.98,0.00,0.00,0.00,0.00,0.00
21185.81,0.00,0.00,0.00,0.00,0.00
21212.64,0.00,0.00,0.00,0.00,0.00
21239.47,0.00,0.00,0.00,0.00,0.00
21266.30,0.00,0.00,0.00,0.00,0.00
21293.13,0.00,0.00,0.00,0.00,0.00
21319.96,0.00,0.00,0.00,0.00,0.00
21346.79,0.00,0.00,0.00,0.00,0.00
21373.62,0.00,0.00,0.00,0.00,0.00
21400.45,0.00,0.00,0.00,0.00,0.00
21427.28,0.00,0.00,0.00,0.00,0.00
21454.11,0.00,0.00,0.00,0.00,0.00
21480.94,0.00,0.00,0.00,0.00,0.00
21507.77,0.00,0.00,0.00,0.00,0.00
21534.60,0.00,0.00,0.00,0.00,0.00
21561.43,0.00,0.00,0.00,0.00,0.00
21588.26,0.00,0.00,0.00,0.00,0.00
21615.09,0.00,0.00,0.00,0.00,0.00
21641.92,0.00,0.00,0.00,0.00,0.00
21668.75,0.00,0.00,0.00,0.00,0.00
21695.58,0.00,0.00,0.00,0.00,0.00
21722.41,0.00,0.00,0.00,0.00,0.00
21749.24,0.00,0.00,0.00,0.00,0.00
21776.07,0.00,0.00,0.00,0.00,0.00
21802.90,0.00,0.00,0.00,0.00,0.00
21829.73,0.00,0.00,0.00,0.00,0.00
21856.56,0.00,0.00,0.00,0.00,0.00
21883.40,0.00,0.00,0.00,0.00,0.00
21910.23,0.00,0.00,0.00,0.00,0.00
21937.06,0.00,0.00,0.00,0.00,0.00
21963.89,0.00,0.00,0.00,0.00,0.00
21990.72,0.00,0.00,0.00,0.00,0.00
22017.55,0.00,0.00,0.00,0.00,0.00
22044.38,0.00,0.00,0.00,0.00,0.00
22071.21,0.00,0.00,0.00,0.00,0.00
22098.04,0.00,0.00,0.00,0.00,0.00
22124.87,0.00,0.00,0.00,0.00,0.00
22151.70,0.00,0.00,0.00,0.00,0.00
22178.53,0.00,0.00,0.00,0.00,0.00
22205.36,0.00,0.00,0.00,0.00,0.00
