Size (bp),A2,A3,A4,A5
0.58,1076.57,1178.69,1180.89,1049.18
1.00,1141.99,1106.60,1160.27,1159.11
2.00,1026.61,1034.50,1139.65,1106.92
2.42,911.24,840.18,944.28,1054.74
2.84,521.97,645.86,748.92,1002.55
3.26,376.52,302.18,349.23,809.10
3.68,231.07,217.53,246.90,615.65
4.10,168.34,132.88,144.58,449.53
4.52,105.62,109.39,116.67,283.42
4.94,91.06,85.90,88.77,203.98
5.36,76.50,83.58,84.24,124.55
5.79,76.20,81.26,79.70,110.74
6.21,75.54,80.44,75.46,96.94
6.63,74.87,79.62,71.21,83.13
7.05,70.06,69.87,63.92,81.81
7.47,65.26,62.08,56.64,80.50
7.89,58.05,54.28,41.35,79.87
8.31,50.84,46.71,35.62,79.25
8.73,43.75,39.14,29.89,74.67
9.15,36.66,33.43,26.24,70.09
9.57,25.38,27.72,22.58,65.15
9.99,21.93,24.00,20.48,60.22
10.41,18.47,20.29,18.37,55.29
10.83,17.21,16.63,17.47,47.50
11.25,15.96,16.29,16.57,39.71
11.67,16.02,15.95,16.42,33.27
12.09,16.09,16.13,16.26,26.83
12.52,16.77,16.32,15.99,24.00
12.94,16.84,16.18,15.29,21.18
13.36,16.92,16.04,14.59,18.36
13.78,16.55,15.38,13.66,16.23
14.20,16.19,14.72,12.72,14.10
14.62,15.60,12.83,12.66,13.32
15.04,15.01,12.00,12.59,12.54
15.46,15.62,11.17,14.03,12.34
15.88,17.80,11.00,15.47,12.14
16.30,19.99,10.83,17.98,11.93
16.72,22.80,11.59,20.48,11.71
17.14,25.62,12.35,24.96,11.50
17.56,26.54,13.66,25.27,10.65
17.98,27.45,14.98,25.59,9.79
18.40,25.75,17.23,23.68,9.34
18.82,24.04,17.49,21.77,8.88
19.24,18.45,17.76,19.56,9.89
19.67,16.26,17.00,17.36,10.90
20.09,14.07,16.25,16.85,11.90
20.51,13.01,15.14,16.35,15.21
20.93,11.95,14.03,17.51,18.51
21.35,11.54,13.57,18.67,21.49
21.77,11.14,13.11,21.62,24.47
22.19,10.40,14.53,22.30,25.08
22.61,10.01,16.10,22.99,25.70
23.03,9.62,17.66,22.73,24.52
23.45,9.39,18.95,22.48,23.34
23.87,9.16,20.24,22.07,22.16
24.29,9.02,20.49,21.66,19.88
24.71,8.89,20.74,22.23,17.60
25.13,8.85,20.65,22.80,16.50
25.55,8.81,20.55,25.10,15.41
25.97,9.48,22.20,27.40,15.37
26.39,10.52,24.46,34.66,15.33
26.82,11.56,26.71,38.03,15.22
27.24,13.42,29.79,41.40,15.12
27.66,15.28,32.86,44.54,15.01
28.08,18.19,35.72,47.68,14.33
28.50,21.11,38.59,56.02,13.65
28.92,32.90,43.44,64.37,13.16
29.34,45.17,48.28,86.07,12.68
29.76,57.43,78.78,107.76,12.95
30.18,76.04,112.49,177.86,13.22
30.60,94.64,146.21,215.15,13.49
31.02,114.12,193.16,252.45,15.14
31.44,133.61,240.11,284.38,16.79
31.86,168.64,285.82,316.32,19.92
32.28,188.42,331.52,347.33,23.04
32.70,208.20,373.35,378.34,27.08
33.12,230.57,415.18,409.70,31.11
33.55,252.95,506.76,441.05,33.37
33.97,266.89,548.33,459.66,35.63
34.39,280.84,589.90,478.27,37.89
34.81,274.98,601.31,460.17,39.73
35.23,269.12,612.72,421.15,41.56
35.65,217.84,578.19,382.13,43.63
36.07,182.53,543.67,325.05,45.69
36.49,147.23,473.27,267.97,51.42
36.91,115.00,402.88,212.75,57.14
37.33,82.77,245.35,157.54,62.86
37.75,61.76,184.54,120.03,86.95
38.17,40.76,123.74,82.52,111.04
38.59,21.47,90.28,64.85,151.44
39.01,18.51,56.82,47.18,191.84
39.43,15.55,43.56,35.58,234.11
39.85,15.00,30.30,33.77,276.38
40.27,14.44,26.41,31.97,297.17
40.70,14.29,22.51,30.85,317.95
41.12,14.13,20.34,29.73,338.73
41.54,13.82,19.49,28.47,366.50
41.96,13.50,18.64,27.20,394.28
42.38,12.86,17.46,25.52,432.46
42.80,12.78,16.28,23.84,470.64
43.22,12.71,15.03,22.22,512.51
43.64,12.56,13.78,20.60,554.39
44.06,12.41,12.78,18.81,568.34
44.48,11.75,11.77,18.39,582.29
44.90,11.09,10.16,17.96,596.23
45.32,9.14,9.27,17.25,576.15
45.74,8.13,8.38,16.53,556.06
46.16,7.12,7.48,15.47,496.06
46.58,6.09,6.57,14.40,436.05
47.00,5.06,6.21,13.61,385.33
47.42,4.38,5.85,12.82,334.61
47.85,3.70,6.27,12.28,283.90
48.27,3.95,6.68,11.75,221.18
48.69,4.20,7.75,9.99,158.47
49.11,6.15,7.58,9.15,122.16
49.53,6.94,7.42,8.31,85.85
49.95,7.73,6.64,8.35,70.22
50.37,7.77,5.86,8.39,54.59
50.79,7.81,5.20,8.93,50.87
51.21,7.45,4.55,9.47,47.16
51.63,7.09,3.91,9.75,43.45
52.05,6.78,3.54,10.03,41.57
52.47,6.85,3.16,10.21,39.68
52.89,6.92,2.80,10.40,38.90
53.31,6.86,2.43,11.41,38.11
53.73,6.81,2.52,11.86,37.34
54.15,6.46,2.60,12.31,36.58
54.58,6.12,3.01,11.98,35.81
55.00,5.26,3.42,11.66,33.37
55.42,5.18,3.68,10.62,30.94
55.84,5.10,3.46,9.58,27.56
56.26,5.56,3.23,8.60,24.17
56.68,6.02,3.19,7.62,21.42
57.10,6.50,3.14,6.44,18.66
57.52,6.98,3.43,5.91,17.97
57.94,6.68,3.72,5.39,17.29
58.36,6.38,3.78,4.83,16.60
58.78,4.44,3.85,4.27,16.47
59.20,3.82,2.88,3.95,16.35
59.62,3.19,2.26,3.64,15.48
60.04,3.36,1.63,3.62,14.62
60.46,3.52,1.35,3.60,12.71
60.88,3.85,1.07,3.68,10.81
61.30,4.18,1.17,3.75,9.49
61.73,4.21,1.28,3.98,8.17
62.15,4.07,1.62,4.19,6.85
62.57,3.94,1.96,4.39,5.35
62.99,3.85,3.00,4.52,3.84
63.41,3.77,3.37,4.65,2.68
63.83,3.90,3.75,4.61,1.51
64.25,4.03,3.59,4.57,1.02
64.67,4.55,3.44,4.70,0.52
65.09,5.06,3.00,4.83,0.03
65.51,6.31,2.57,5.10,0.01
65.93,6.48,2.43,5.37,0.00
66.35,6.66,2.30,4.82,0.52
66.77,6.19,2.82,3.98,1.05
67.19,5.73,3.22,3.14,1.68
67.61,4.98,3.62,2.68,2.31
68.03,4.23,4.00,2.23,2.40
68.45,2.79,4.38,2.82,2.50
68.88,2.21,4.64,3.41,2.59
69.30,1.62,4.89,4.65,2.57
69.72,1.37,4.96,5.88,2.56
70.14,1.12,5.03,6.57,2.85
70.56,1.29,4.86,7.25,3.15
70.98,1.46,4.62,6.09,3.18
71.40,1.79,4.39,4.95,3.22
71.82,2.12,4.24,3.82,3.26
72.24,2.89,4.10,3.18,2.62
72.66,3.41,4.27,2.53,1.99
73.08,3.93,4.44,2.37,1.41
73.50,4.29,4.54,2.21,0.83
73.92,4.65,4.65,1.94,0.92
74.34,4.44,3.84,1.66,1.01
74.76,4.23,3.27,1.20,1.02
75.18,3.09,2.70,0.75,1.03
75.61,2.81,2.37,0.16,1.05
76.03,2.54,2.04,0.08,0.73
76.45,2.98,1.71,0.00,0.41
76.87,3.41,1.37,0.00,0.74
77.29,4.43,0.86,0.00,1.07
77.71,5.44,0.34,0.00,2.46
78.13,7.63,0.00,0.00,3.85
78.55,8.32,0.65,0.00,4.74
78.97,9.00,1.30,0.00,5.64
79.39,9.07,2.46,0.00,6.54
79.81,9.14,3.63,0.00,7.05
80.23,8.70,4.59,0.00,7.56
80.65,8.25,5.55,0.00,7.76
81.07,7.64,5.78,0.00,7.96
81.49,7.02,6.01,0.00,8.30
81.91,5.97,4.90,0.00,8.64
82.33,5.38,4.10,0.00,8.98
82.76,4.80,3.30,0.00,9.68
83.18,3.91,2.82,0.00,10.38
83.60,3.02,2.35,0.00,10.89
84.02,2.06,2.47,1.66,11.41
84.44,1.09,2.60,2.12,11.64
84.86,0.00,3.23,2.58,11.87
85.28,0.01,3.87,2.71,11.81
85.70,0.01,4.82,2.85,11.75
86.12,0.41,4.68,2.95,11.69
86.54,0.82,4.55,3.06,11.21
86.96,1.46,4.14,3.18,10.73
87.38,2.11,3.74,3.30,10.15
87.80,2.79,3.39,3.16,9.56
88.22,3.48,3.04,3.01,9.51
88.64,4.18,2.65,2.08,9.46
89.06,4.11,2.26,1.51,9.41
89.48,4.05,1.23,0.95,9.94
89.91,3.90,0.78,0.47,10.47
90.33,3.76,0.32,0.00,10.85
90.75,3.65,0.45,0.00,11.24
91.17,3.54,0.58,0.00,10.90
91.59,3.17,1.41,0.70,10.57
92.01,3.08,2.25,1.40,10.25
92.43,2.98,2.93,2.19,9.93
92.85,3.13,3.60,2.98,9.61
93.27,3.29,3.01,2.98,10.03
93.69,3.67,2.13,2.44,10.44
94.11,4.06,1.26,1.90,11.92
94.53,5.37,0.65,1.34,13.40
94.95,6.20,0.04,0.78,15.12
95.37,7.04,0.02,0.39,16.83
95.79,7.68,0.00,0.00,17.52
96.21,8.33,0.37,0.22,18.21
96.64,8.47,0.74,0.43,18.90
97.06,8.62,1.62,1.80,19.05
97.48,8.34,2.10,3.17,19.20
97.90,8.07,2.58,6.68,19.16
98.32,7.25,3.22,7.75,19.11
98.74,6.82,3.86,8.82,19.50
99.16,6.39,4.45,9.09,19.89
99.58,5.98,5.04,9.37,20.28
100.00,5.57,5.35,9.31,21.48
101.00,5.25,5.67,9.25,22.67
101.56,4.94,6.02,8.96,24.21
102.12,4.24,6.06,8.66,25.74
102.69,3.89,6.10,8.11,29.08
103.25,3.54,5.90,7.55,32.42
103.81,3.47,5.71,6.36,38.12
104.37,3.41,5.69,5.98,43.82
104.94,3.68,5.67,5.59,49.52
105.50,3.95,6.22,5.29,63.80
106.06,4.42,6.77,4.98,78.07
106.62,4.90,7.68,4.49,90.81
107.19,6.08,7.18,3.99,103.55
107.75,6.56,6.68,3.45,104.71
108.31,7.04,5.77,2.91,105.86
108.87,7.16,4.86,2.71,107.02
109.44,7.27,4.53,2.50,97.85
110.00,6.92,4.19,2.83,88.69
110.56,6.56,4.19,2.96,78.10
111.12,5.21,4.18,3.09,67.52
111.69,4.74,3.72,2.80,62.36
112.25,4.27,3.53,2.51,57.20
112.81,4.41,3.35,1.90,56.49
113.37,4.55,3.31,1.29,55.78
113.94,4.96,3.27,0.85,55.08
114.50,5.37,2.94,0.41,54.27
115.06,5.55,2.60,0.28,53.46
115.62,5.72,2.01,0.53,51.86
116.19,6.02,1.42,0.78,50.26
116.75,6.46,1.03,1.38,49.14
117.31,6.90,1.68,1.97,48.02
117.87,7.20,2.33,2.71,48.09
118.44,7.49,3.51,3.45,48.16
119.00,7.17,4.70,3.91,48.23
119.56,6.84,5.64,4.37,48.52
120.12,5.73,6.59,4.48,48.81
120.69,5.37,6.77,4.58,47.76
121.25,5.01,6.96,4.44,46.71
121.81,4.60,6.22,4.38,44.92
122.37,4.19,5.89,4.32,43.13
122.94,3.54,5.56,4.22,41.34
123.50,2.89,5.55,4.12,38.00
124.06,1.71,5.54,3.81,34.66
124.62,1.45,5.65,3.50,32.01
125.19,1.19,5.77,3.12,29.37
125.75,1.26,5.89,2.74,28.11
126.31,1.32,6.01,2.58,26.86
126.87,1.65,6.51,2.42,26.68
127.44,1.97,6.68,2.66,26.50
128.00,2.36,6.85,2.98,26.32
128.56,2.75,6.50,3.29,26.50
129.12,3.20,6.14,3.61,26.68
129.69,3.34,5.37,3.93,27.20
130.25,3.49,4.59,4.06,27.72
130.81,3.80,4.01,4.19,28.03
131.37,4.11,3.43,4.22,28.34
131.94,4.57,3.40,4.25,28.65
132.50,5.03,3.75,4.44,28.48
133.06,5.80,4.11,4.62,28.31
133.62,5.82,4.37,5.23,27.45
134.19,5.83,4.62,5.37,26.58
134.75,5.14,4.52,5.51,25.28
135.31,4.45,4.41,5.48,23.98
135.87,3.27,4.22,5.44,22.92
136.44,2.10,4.02,5.41,21.87
137.00,1.42,4.20,5.38,20.81
137.56,0.75,4.44,5.25,19.21
138.12,1.70,4.68,5.11,17.60
138.69,2.72,4.62,4.81,16.34
139.25,3.74,4.55,4.50,15.08
139.81,4.28,4.21,4.33,14.15
140.37,4.81,3.86,4.80,13.22
140.94,4.63,3.65,5.28,12.63
141.50,4.45,3.44,6.02,12.04
142.06,3.49,3.43,6.76,11.45
142.62,2.96,3.45,7.28,10.70
143.19,2.42,3.48,7.79,9.95
143.75,1.81,3.47,7.94,9.84
144.31,1.20,3.47,8.09,9.73
144.87,0.70,3.36,7.77,10.29
145.44,0.19,3.25,7.46,10.85
146.00,0.10,2.95,6.02,11.41
146.56,0.00,2.65,5.45,12.90
147.12,0.41,2.33,4.88,14.38
147.69,0.70,2.67,4.55,15.98
148.25,0.99,3.00,4.22,17.58
148.81,1.55,3.60,3.50,18.48
149.37,2.12,4.20,2.78,19.37
149.94,2.89,4.61,1.87,19.08
150.50,3.67,5.01,0.96,18.80
151.06,4.62,5.08,0.68,18.51
151.62,4.63,5.15,1.24,16.99
152.19,4.64,5.16,1.80,15.47
152.75,4.32,5.54,2.26,13.68
153.31,4.00,5.92,2.71,11.90
153.87,3.50,6.59,2.88,10.80
154.44,3.00,7.26,3.05,9.70
155.00,2.41,7.49,3.20,8.60
155.56,2.60,7.72,3.34,6.86
156.12,2.79,7.15,3.51,5.12
156.69,3.25,6.58,3.67,3.39
157.25,3.71,4.59,4.09,1.66
157.81,4.11,3.60,4.45,0.83
158.37,4.51,2.62,4.81,0.00
158.94,4.60,1.79,5.10,0.22
159.50,4.69,0.96,5.38,0.44
160.06,4.06,0.48,5.16,0.66
160.62,3.59,0.00,4.94,0.97
161.19,3.11,0.23,4.23,1.27
161.75,2.69,0.45,3.52,0.78
162.31,2.27,2.21,2.89,0.29
162.87,1.96,2.84,2.25,0.15
163.44,1.65,3.46,1.98,0.00
164.00,1.56,3.05,2.28,0.78
164.56,1.81,2.64,2.58,1.57
165.12,2.06,1.87,3.18,2.35
165.69,2.29,1.09,3.78,4.48
166.25,2.52,1.20,4.67,6.60
166.81,2.49,1.31,5.56,8.39
167.37,2.47,3.06,6.40,10.19
167.94,2.47,3.45,7.24,11.16
168.50,2.47,3.84,7.42,12.13
169.06,3.30,3.37,7.60,13.10
169.62,3.98,2.90,6.30,15.56
170.19,4.65,2.44,5.46,18.02
170.75,5.04,1.99,4.63,22.83
171.31,5.42,2.33,4.33,27.64
171.87,5.27,2.85,4.03,35.93
172.44,5.12,3.37,4.19,44.23
173.00,4.33,3.84,4.34,52.72
173.56,4.09,4.31,4.36,61.20
174.12,3.85,4.44,4.37,69.69
174.69,3.79,4.57,4.11,86.46
175.25,3.74,4.04,3.85,103.23
175.81,3.61,3.52,3.46,121.48
176.37,3.48,1.56,3.32,139.73
176.94,2.84,0.97,3.18,150.20
177.50,2.46,0.39,2.65,160.67
178.06,2.08,0.46,2.13,171.14
178.62,1.83,0.52,1.32,180.64
179.19,1.58,0.59,0.50,190.14
179.75,1.63,0.65,0.25,191.81
180.31,1.68,0.49,0.00,193.48
180.87,2.02,0.33,0.66,188.04
181.44,2.36,0.91,1.32,182.60
182.00,3.23,1.86,3.11,175.65
182.56,3.54,2.81,3.54,168.70
183.12,3.85,3.76,3.97,161.75
183.69,4.10,4.71,3.93,148.75
184.25,4.34,5.25,3.88,135.74
184.81,4.61,5.79,3.75,122.01
185.37,4.87,6.14,3.62,108.27
185.94,4.95,6.49,3.56,95.03
186.50,4.52,6.69,3.50,81.79
187.06,4.08,6.14,3.14,74.09
187.62,3.55,5.59,2.94,66.38
188.19,3.02,4.69,2.74,58.68
188.75,2.95,3.79,2.89,49.89
189.31,2.87,3.31,3.04,41.10
189.87,3.14,2.82,3.50,35.37
190.44,3.40,2.78,3.97,29.64
191.00,3.83,2.74,4.43,27.45
191.56,3.97,2.42,4.89,25.27
192.12,4.11,2.04,5.09,23.09
192.69,4.23,1.65,5.29,21.46
193.25,4.35,1.41,4.86,19.83
193.81,4.15,1.17,4.38,19.29
194.37,3.96,1.17,3.90,18.75
194.94,2.80,1.18,3.41,18.60
195.50,2.42,1.19,2.93,18.44
196.06,2.03,1.19,2.53,17.99
196.62,2.32,1.11,2.13,17.53
197.19,2.62,1.19,1.85,17.08
197.75,3.29,1.26,1.57,15.68
198.31,3.95,1.27,1.47,14.28
198.87,4.20,1.28,1.37,13.06
199.44,4.45,1.01,1.14,11.83
200.00,3.64,0.74,0.83,11.62
201.00,3.13,0.49,0.51,11.40
201.63,2.62,0.24,0.25,11.19
202.27,2.41,0.07,0.00,11.60
202.90,2.21,0.03,0.18,12.01
203.54,2.15,0.00,0.37,12.75
204.17,2.09,0.24,0.89,13.48
204.81,2.03,0.48,1.41,14.53
205.44,2.16,1.01,2.02,15.58
206.08,2.30,1.55,2.64,16.31
206.71,2.45,1.92,3.93,17.03
207.35,2.60,2.29,4.48,17.75
207.98,2.46,2.82,5.03,18.23
208.62,2.33,3.41,5.19,18.70
209.25,1.82,4.00,5.35,18.65
209.88,1.95,4.64,5.04,18.59
210.52,2.09,5.28,4.72,18.82
211.15,2.71,5.43,4.19,19.06
211.79,3.34,5.58,3.65,19.62
212.42,3.88,5.32,3.28,20.19
213.06,4.42,5.05,2.90,20.76
213.69,4.37,4.13,2.95,21.66
214.33,4.31,3.62,3.33,22.56
214.96,3.36,3.10,3.70,22.87
215.60,2.97,2.80,4.14,23.17
216.23,2.57,2.50,4.58,23.04
216.87,2.44,2.60,4.88,22.91
217.50,2.32,2.71,5.17,22.78
218.13,2.15,2.97,5.34,22.74
218.77,1.98,3.24,5.51,22.71
219.40,0.90,3.56,5.79,23.15
220.04,0.45,3.65,6.06,23.60
220.67,0.00,3.74,6.78,24.39
221.31,0.35,3.69,6.66,25.19
221.94,0.70,3.64,6.54,25.94
222.58,1.59,3.35,5.58,26.69
223.21,2.48,3.06,4.62,27.44
223.85,3.20,2.62,3.49,28.80
224.48,3.92,2.19,2.35,30.17
225.12,5.15,1.15,2.06,31.18
225.75,5.91,0.82,1.77,32.19
226.38,6.67,0.49,2.75,32.17
227.02,7.12,0.87,3.06,32.14
227.65,7.57,1.24,3.38,32.11
228.29,7.16,2.03,3.20,30.99
228.92,6.75,2.83,3.01,29.87
229.56,4.78,3.13,2.79,28.32
230.19,4.13,3.43,2.57,26.76
230.83,3.49,2.88,2.40,25.35
231.46,3.58,2.65,2.24,23.93
232.10,3.66,2.43,1.81,23.16
232.73,3.88,2.38,1.39,22.39
233.37,4.09,2.34,0.47,21.61
234.00,3.85,2.25,0.52,20.57
234.63,3.77,2.15,0.56,19.52
235.27,3.68,2.07,1.15,18.48
235.90,3.85,1.99,1.74,17.44
236.54,4.03,2.44,2.51,16.52
237.17,3.91,3.03,3.28,15.60
237.81,3.79,3.62,3.84,15.26
238.44,3.06,4.19,4.40,14.91
239.08,2.34,4.75,4.68,14.57
239.71,0.93,4.69,4.96,14.58
240.35,0.81,4.63,5.20,14.60
240.98,0.69,3.99,5.01,14.78
241.62,0.85,3.35,4.82,14.97
242.25,1.01,2.50,4.23,14.71
242.88,0.95,2.83,3.64,14.46
243.52,0.90,3.15,3.12,14.20
244.15,0.45,3.88,2.61,13.10
244.79,0.42,4.62,2.67,11.99
245.42,0.39,5.16,2.74,11.07
246.06,0.68,5.71,3.38,10.15
246.69,0.98,5.77,4.01,10.13
247.33,1.46,5.83,5.56,10.11
247.96,1.94,4.98,6.04,10.51
248.60,2.27,4.38,6.52,10.91
249.23,2.61,3.77,6.56,11.31
249.87,2.47,3.49,6.61,11.90
250.50,2.19,3.21,6.25,12.48
251.13,1.90,3.35,5.90,12.56
251.77,1.91,3.48,5.27,12.63
252.40,1.92,3.44,4.64,12.17
253.04,2.40,3.40,3.93,11.70
253.67,2.89,2.09,3.23,11.24
254.31,4.17,1.37,1.97,10.07
254.94,4.44,0.66,1.44,8.89
255.58,4.70,0.71,0.90,7.84
256.21,4.31,0.77,0.49,6.80
256.85,3.92,1.30,0.07,6.10
257.48,3.11,1.84,0.03,5.40
258.12,2.30,1.86,0.00,5.21
258.75,1.53,1.88,0.51,5.01
259.38,0.77,0.91,1.01,4.82
260.02,0.00,0.82,1.67,5.25
260.65,0.22,0.73,2.34,5.67
261.29,0.43,1.26,2.75,6.56
261.92,1.32,1.78,2.60,7.45
262.56,2.21,2.40,2.44,8.14
263.19,3.09,3.02,2.29,8.83
263.83,3.97,3.46,2.15,9.09
264.46,4.33,3.89,1.89,9.35
265.10,4.04,4.30,1.63,9.60
265.73,3.75,4.04,1.25,9.94
266.37,3.64,3.79,0.86,10.27
267.00,3.54,2.93,1.09,10.42
267.63,3.90,2.07,1.90,10.58
268.27,4.25,1.17,2.71,10.66
268.90,5.67,0.27,3.49,10.74
269.54,6.40,0.13,4.26,10.82
270.17,7.12,0.00,4.39,11.38
270.81,7.46,0.87,4.52,11.95
271.44,7.81,1.07,4.31,12.46
272.08,7.48,1.26,4.11,12.98
272.71,7.15,1.07,4.09,12.31
273.35,6.21,0.87,4.07,11.64
273.98,5.28,0.75,4.27,10.58
274.62,3.39,0.62,4.39,9.52
275.25,2.82,1.03,4.50,8.46
275.88,2.24,1.45,4.85,7.42
276.52,1.89,3.35,5.19,6.38
277.15,1.54,4.02,5.30,6.12
277.79,1.51,4.69,5.42,5.85
278.42,1.49,4.36,4.52,5.44
279.06,2.48,4.04,3.62,5.03
279.69,3.02,3.29,2.26,4.61
280.33,3.56,2.55,0.89,3.48
280.96,3.64,2.42,0.00,2.34
281.60,3.72,2.28,0.68,1.64
282.23,3.43,3.09,1.37,0.94
282.87,3.13,3.31,2.31,0.82
283.50,2.66,3.53,3.25,0.70
284.13,2.20,3.48,3.92,0.59
284.77,1.46,3.42,4.59,0.49
285.40,1.39,3.59,4.89,0.38
286.04,1.32,3.76,5.20,0.19
286.67,1.48,4.34,5.12,0.00
287.31,1.64,4.92,5.05,0.12
287.94,1.87,5.84,4.84,0.25
288.58,2.09,5.59,5.17,0.49
289.21,2.15,5.34,5.51,0.73
289.85,1.88,4.78,6.22,0.72
290.48,1.60,4.23,6.94,0.71
291.12,1.50,4.40,7.50,0.70
291.75,1.39,4.58,8.07,0.47
292.38,1.78,5.59,8.02,0.23
293.02,2.17,6.60,7.97,0.12
293.65,2.43,8.33,7.45,0.00
294.29,2.68,8.24,6.94,0.00
294.92,1.79,8.14,6.37,0.00
295.56,1.07,7.09,6.66,0.00
296.19,0.35,6.05,6.96,1.01
296.83,0.17,4.84,7.51,2.02
297.46,0.00,3.62,8.07,3.87
298.10,0.00,3.10,8.52,5.72
298.73,0.00,2.58,8.97,7.41
299.37,0.00,3.14,9.01,9.10
300.00,0.00,3.67,9.05,9.31
301.00,0.00,4.20,8.44,9.52
301.75,0.00,4.39,7.84,9.72
302.50,0.00,4.59,5.83,8.28
303.25,0.00,4.48,4.99,6.84
304.00,0.00,4.38,4.14,4.71
304.75,0.00,4.51,3.71,2.58
305.50,0.00,4.63,3.29,1.72
306.25,0.00,5.43,3.29,0.86
307.00,0.00,5.55,3.30,0.00
307.75,0.00,5.68,3.76,-0.30
308.50,0.00,5.27,4.21,-0.61
309.25,0.00,4.86,5.49,-0.30
310.00,0.09,4.34,5.80,0.00
310.75,0.18,3.81,6.11,0.00
311.50,1.26,3.73,6.00,0.00
312.25,1.86,3.66,5.88,-0.35
313.00,2.46,4.45,5.45,-0.71
313.75,2.64,4.86,5.02,-1.06
314.50,2.83,5.28,4.27,-2.40
315.25,2.56,5.29,3.53,-3.73
316.00,2.30,5.31,2.98,-4.97
316.75,1.75,4.91,2.43,-6.20
317.50,1.93,4.51,3.05,-6.91
318.25,2.12,3.66,4.00,-7.62
319.00,2.72,3.42,4.95,-7.78
319.75,3.32,3.18,5.81,-7.94
320.50,3.69,2.78,6.66,-8.10
321.25,4.06,2.38,6.99,-7.76
322.00,3.87,1.72,7.31,-7.41
322.75,3.67,1.07,6.97,-6.55
323.50,2.95,0.64,6.62,-5.69
324.25,2.80,0.22,5.82,-5.17
325.00,2.65,0.39,5.02,-4.65
325.75,2.65,0.66,3.59,-4.13
326.50,2.66,0.92,3.19,-3.86
327.25,2.70,1.03,2.79,-3.60
328.00,2.75,1.14,2.58,-3.80
328.75,2.78,1.30,2.38,-4.00
329.50,2.77,1.47,2.48,-4.72
330.25,2.76,2.18,2.59,-5.44
331.00,2.96,2.90,3.07,-6.31
331.75,3.16,5.21,3.55,-7.18
332.50,3.62,5.83,3.91,-8.05
333.25,4.08,6.45,4.27,-9.45
334.00,4.51,5.87,4.01,-10.86
334.75,4.21,5.29,3.80,-11.80
335.50,3.90,4.21,3.58,-12.75
336.25,3.48,3.13,3.70,-13.09
337.00,3.05,2.72,3.83,-13.43
337.75,2.83,2.30,4.07,-13.78
338.50,2.61,2.77,4.30,-14.16
339.25,2.63,2.67,4.08,-14.54
340.00,2.64,2.57,3.85,-14.82
340.75,3.40,1.85,2.95,-15.09
341.50,4.03,1.13,2.06,-14.91
342.25,4.65,0.56,0.29,-14.73
343.00,5.04,0.00,0.14,-14.08
343.75,5.43,0.20,0.00,-13.42
344.50,5.39,0.39,0.00,-12.77
345.25,5.36,1.61,0.00,-11.27
346.00,4.95,1.89,0.00,-9.77
346.75,4.79,2.17,0.00,-8.47
347.50,4.64,2.02,0.00,-7.18
348.25,4.41,1.86,0.00,-6.21
349.00,4.18,1.86,0.00,-5.24
349.75,3.74,1.86,0.00,-4.55
350.50,3.30,2.30,0.37,-3.86
351.25,2.87,2.73,0.94,-3.17
352.00,2.44,3.55,1.52,-2.23
352.75,2.12,3.41,2.02,-1.28
353.50,2.12,3.28,2.53,-0.64
354.25,2.12,2.70,2.59,0.00
355.00,1.92,2.11,2.66,0.64
355.75,1.73,1.64,2.27,1.28
356.50,1.23,1.17,1.87,1.92
357.25,0.74,1.28,0.65,2.84
358.00,0.00,1.39,0.32,3.76
358.75,0.18,2.37,0.00,3.90
359.50,0.36,2.65,0.16,4.05
360.25,0.96,2.92,0.32,3.24
361.00,1.56,2.68,1.06,2.43
361.75,1.96,2.44,1.79,1.80
362.50,2.37,1.80,2.45,1.17
363.25,2.37,1.17,3.11,0.54
364.00,2.37,0.59,3.04,0.27
364.75,2.33,0.00,2.98,0.00
365.50,2.65,0.18,1.94,0.07
366.25,2.97,1.09,1.82,0.14
367.00,3.41,2.00,1.71,0.22
367.75,3.85,3.08,2.12,0.30
368.50,3.92,4.15,2.53,0.38
369.25,4.00,4.72,2.94,0.26
370.00,3.20,5.28,3.36,0.14
370.75,2.63,5.33,3.75,0.07
371.50,2.06,5.37,4.15,0.00
372.25,1.76,5.13,4.70,0.34
373.00,1.46,4.91,5.26,0.68
373.75,1.75,4.68,6.10,0.98
374.50,2.04,4.20,6.21,1.28
375.25,3.65,3.72,6.32,1.57
376.00,4.55,3.27,6.39,1.46
376.75,5.46,2.81,6.47,1.35
377.50,5.98,2.77,6.44,0.85
378.25,6.50,2.72,6.41,0.35
379.00,6.32,3.19,5.97,0.18
379.75,6.14,3.59,5.53,0.00
380.50,5.37,3.98,4.79,0.04
381.25,4.59,4.58,4.06,0.07
382.00,3.03,5.17,3.07,0.11
382.75,2.80,5.42,3.14,0.09
383.50,2.56,5.68,3.21,0.08
384.25,2.93,5.26,3.62,0.04
385.00,3.29,4.85,4.03,0.00
385.75,3.96,4.07,4.21,0.00
386.50,4.62,4.14,4.38,0.00
387.25,5.79,4.22,3.96,0.00
388.00,6.06,4.19,3.53,0.17
388.75,6.33,4.15,2.66,0.33
389.50,6.47,3.72,1.79,0.90
390.25,6.60,3.29,0.28,1.47
391.00,6.89,2.90,0.14,2.23
391.75,7.19,2.51,0.00,2.98
392.50,7.49,2.11,0.52,3.30
393.25,7.80,1.91,1.05,3.62
394.00,7.67,1.70,1.80,3.95
394.75,7.26,1.50,2.55,4.35
395.50,6.84,1.30,2.93,4.75
396.25,6.39,1.37,3.31,5.51
397.00,5.93,1.45,3.13,6.27
397.75,5.60,2.00,2.95,6.90
398.50,5.27,2.56,2.22,7.53
399.25,4.71,3.74,2.05,8.16
400.00,4.40,3.70,1.89,8.70
401.00,4.08,3.66,1.85,9.24
401.79,3.78,3.14,1.80,9.20
402.57,3.47,2.62,1.55,9.17
403.36,3.22,2.30,1.30,8.99
404.14,2.97,1.97,0.92,8.81
404.93,2.87,2.09,0.54,8.72
405.71,2.77,2.21,0.32,8.63
406.50,3.20,3.24,0.09,8.55
407.29,3.65,3.90,0.00,8.16
408.07,4.09,4.55,0.14,7.78
408.86,4.28,4.93,0.28,7.28
409.64,4.46,5.31,0.83,6.79
410.43,4.05,5.27,1.38,6.75
411.21,3.63,5.22,2.32,6.71
412.00,2.16,4.82,3.27,7.15
412.79,1.78,4.42,4.25,7.60
413.57,1.40,2.88,5.23,8.04
414.36,1.77,1.98,6.02,9.23
415.14,2.14,1.08,5.42,10.42
415.93,3.06,0.55,4.82,11.65
416.71,3.99,0.02,3.54,12.89
417.50,5.90,0.01,2.26,13.28
418.29,6.38,0.00,1.25,13.67
419.07,6.86,0.47,0.23,14.07
419.86,6.62,0.94,0.12,13.77
420.64,6.38,2.72,0.00,13.47
421.43,5.60,3.57,0.44,12.94
422.21,4.82,4.42,0.88,12.41
423.00,4.12,4.79,1.45,12.28
423.79,3.41,5.17,1.40,12.15
424.57,3.31,5.19,1.34,12.18
425.36,3.85,5.21,1.32,12.21
426.14,4.39,5.05,1.30,12.23
426.93,4.92,4.88,1.73,11.76
427.71,5.46,3.89,2.15,11.28
428.50,5.59,3.24,2.96,9.92
429.29,5.72,2.58,3.77,8.57
430.07,5.46,2.36,4.47,7.45
430.86,5.34,2.14,5.17,6.33
431.64,5.23,2.37,5.38,5.21
432.43,5.22,2.61,4.66,4.41
433.21,5.20,2.61,3.94,3.60
434.00,5.46,2.61,2.74,3.96
434.79,5.72,2.03,1.54,4.32
435.57,6.47,2.09,0.77,4.88
436.36,7.22,2.15,0.00,5.44
437.14,9.10,2.75,0.02,5.50
437.93,9.59,3.35,0.03,5.56
438.71,10.09,4.08,0.28,5.63
439.50,9.98,4.80,0.53,5.50
440.29,9.87,5.08,0.68,5.38
441.07,9.53,5.36,0.71,5.19
441.86,9.19,4.66,0.75,4.99
442.64,8.25,4.17,0.90,4.38
443.43,7.49,3.67,1.04,3.76
444.21,6.74,3.43,1.19,3.03
445.00,6.05,3.19,1.35,2.29
445.79,5.35,2.98,1.59,1.56
446.57,5.32,2.78,1.84,0.78
447.36,5.28,2.47,2.34,0.00
448.14,6.27,2.17,2.85,0.00
448.93,6.52,1.98,4.09,0.00
449.71,6.78,2.36,4.52,0.61
450.50,6.38,2.74,4.95,1.22
451.29,5.99,3.38,5.08,1.83
452.07,5.34,4.01,5.22,2.60
452.86,4.70,4.46,4.94,3.37
453.64,4.40,4.91,4.67,3.46
454.43,4.09,4.97,3.94,3.55
455.21,4.26,5.02,3.20,3.47
456.00,4.21,4.44,2.34,3.39
456.79,4.17,4.16,1.47,3.54
457.57,3.57,3.88,0.70,3.70
458.36,2.97,3.90,1.10,3.86
459.14,2.03,3.92,1.49,4.06
459.93,1.09,4.08,2.36,4.26
460.71,0.00,4.23,3.22,3.90
461.50,0.29,4.25,4.18,3.55
462.29,0.57,4.28,5.13,3.19
463.07,1.50,4.04,5.89,2.84
463.86,2.42,3.84,6.64,2.49
464.64,3.64,3.65,6.96,2.29
465.43,4.85,3.48,6.48,2.09
466.21,6.08,3.30,6.00,1.77
467.00,7.30,3.24,5.23,1.46
467.79,8.54,3.18,4.46,0.83
468.57,8.13,3.01,3.57,0.21
469.36,7.72,2.85,2.67,0.14
470.14,6.90,1.97,1.75,0.07
470.93,6.08,1.73,0.84,0.00
471.71,5.85,1.48,0.42,0.00
472.50,5.61,1.91,0.00,0.00
473.29,6.58,2.33,0.62,0.19
474.07,7.03,2.94,1.49,0.37
474.86,7.49,3.54,2.36,0.34
475.64,7.34,3.58,2.90,0.30
476.43,7.19,3.61,3.44,0.20
477.21,6.46,2.79,3.30,0.10
478.00,5.73,2.60,3.17,0.00
478.79,4.83,2.42,2.80,0.16
479.57,3.94,2.74,2.44,0.32
480.36,2.78,3.05,2.26,1.93
481.14,2.65,3.60,2.08,3.54
481.93,2.53,4.15,1.98,5.62
482.71,2.69,4.47,2.05,7.69
483.50,2.84,4.80,2.13,9.77
484.29,3.15,4.46,2.35,13.23
485.07,3.46,4.11,2.58,16.69
485.86,3.89,3.76,2.58,19.63
486.64,3.57,3.75,2.59,22.58
487.43,3.26,3.74,2.09,25.57
488.21,2.49,4.04,1.60,28.57
489.00,1.73,4.35,0.98,30.97
489.79,1.06,4.73,0.36,33.38
490.57,0.38,5.11,0.04,35.79
491.36,0.00,5.99,0.41,38.73
492.14,0.57,6.23,0.77,41.67
492.93,1.15,6.46,1.32,42.43
493.71,2.40,5.96,1.87,43.19
494.50,3.66,5.45,2.58,42.79
495.29,4.83,4.33,3.29,42.38
496.07,6.01,3.21,4.20,41.98
496.86,6.47,2.19,5.11,42.11
497.64,6.92,1.17,5.62,42.25
498.43,6.31,0.14,6.12,44.37
499.21,5.51,0.19,4.96,46.49
500.00,4.71,0.24,3.59,50.95
501.00,3.91,0.71,2.22,55.42
502.05,3.12,1.19,1.11,59.95
503.11,2.83,1.71,0.00,64.48
504.16,2.54,2.22,0.00,69.02
505.21,2.97,2.44,0.00,77.31
506.27,3.26,2.25,0.45,85.60
507.32,3.55,2.06,0.89,92.63
508.37,3.66,2.24,1.13,99.67
509.43,3.77,2.41,1.38,100.79
510.48,3.85,3.22,1.16,101.91
511.53,3.93,4.03,1.12,96.61
512.59,4.11,4.86,1.08,91.31
513.64,4.28,5.69,1.15,86.01
514.69,4.57,6.02,1.21,71.43
515.74,4.63,5.56,1.37,56.86
516.80,4.69,5.11,1.54,42.32
517.85,4.70,4.34,2.05,27.79
518.90,4.71,3.58,2.55,21.44
519.96,4.83,2.69,3.54,15.10
521.01,4.94,1.80,3.43,8.76
522.06,5.48,1.09,3.32,4.38
523.12,5.41,0.38,2.98,0.00
524.17,5.33,0.00,2.64,0.00
525.22,4.54,0.27,2.63,0.00
526.28,3.75,0.55,2.62,0.00
527.33,2.88,1.25,2.54,0.00
528.38,2.01,1.95,2.45,0.00
529.44,1.67,2.53,1.82,0.00
530.49,2.05,3.11,1.19,0.00
531.54,2.43,3.19,0.00,0.00
532.60,2.77,3.28,0.00,0.00
533.65,3.11,2.72,0.00,0.00
534.70,3.37,2.30,0.38,0.00
535.76,3.64,1.89,0.75,0.00
536.81,3.94,1.49,1.85,0.00
537.86,4.24,1.09,2.96,0.00
538.91,4.61,0.98,4.45,0.21
539.97,4.57,0.86,5.94,0.41
541.02,4.54,1.37,7.32,0.59
542.07,4.45,1.87,8.70,0.77
543.13,4.37,4.20,10.26,0.59
544.18,4.48,5.30,10.29,0.40
545.23,4.58,6.40,10.31,0.27
546.29,5.19,6.30,9.48,0.13
547.34,5.39,6.19,8.64,0.00
548.39,5.60,4.76,6.99,0.00
549.45,5.44,3.34,5.35,0.00
550.50,5.28,2.05,3.58,0.00
551.55,4.94,0.76,1.82,0.00
552.61,4.60,0.34,0.93,0.12
553.66,4.65,0.57,0.04,0.25
554.71,4.69,0.79,0.48,0.32
555.77,5.82,0.72,0.95,0.38
556.82,6.50,0.65,1.42,0.45
557.87,7.18,0.66,1.25,0.57
558.93,7.86,0.67,1.08,0.69
559.98,8.54,0.92,0.54,1.45
561.03,9.47,1.17,0.00,2.22
562.09,10.40,1.73,0.00,3.19
563.14,12.72,2.15,0.00,4.17
564.19,13.98,2.56,0.12,5.15
565.24,15.24,3.19,0.25,6.54
566.30,16.43,3.81,6.61,7.93
567.35,17.61,4.30,14.61,9.10
568.40,18.33,4.80,22.62,10.26
569.46,19.06,4.89,35.21,11.87
570.51,18.91,4.98,47.79,13.48
571.56,18.75,4.65,60.16,14.90
572.62,16.61,4.46,72.52,16.33
573.67,15.14,4.26,77.12,17.76
574.72,13.68,4.26,81.71,19.96
575.78,12.49,4.26,74.59,22.16
576.83,11.31,4.75,67.47,24.44
577.88,10.60,5.23,38.32,26.73
578.94,9.90,6.16,25.20,28.46
579.99,8.70,7.09,12.08,30.20
581.04,7.75,9.09,6.04,31.94
582.10,6.81,10.16,0.00,35.10
583.15,5.62,11.22,1.87,38.25
584.20,4.44,12.64,3.75,42.68
585.26,3.66,14.06,7.81,47.11
586.31,2.89,15.71,11.87,53.68
587.36,2.72,17.36,16.75,60.25
588.41,2.91,18.94,16.11,65.94
589.47,3.09,20.51,15.48,71.63
590.52,3.03,23.84,13.34,77.31
591.57,2.97,25.58,11.20,85.70
592.63,2.77,27.33,10.44,94.08
593.68,2.58,28.32,9.68,98.74
594.73,2.74,29.31,11.84,103.41
595.79,2.90,28.88,13.99,102.38
596.84,4.04,28.45,18.49,101.36
597.89,4.66,26.95,22.99,98.43
598.95,5.28,25.45,34.10,95.49
600.00,5.64,21.23,39.59,92.56
601.00,6.00,18.48,45.07,89.22
602.27,5.81,15.72,49.16,85.89
603.54,5.62,12.72,53.26,85.96
604.81,4.36,9.72,54.67,86.03
606.08,3.94,7.69,56.08,88.03
607.35,3.53,5.66,54.65,90.04
608.62,3.52,5.30,53.22,92.04
609.88,3.51,4.94,50.24,96.94
611.15,3.48,6.09,47.25,101.84
612.42,3.46,6.43,41.14,108.09
613.69,3.35,6.76,38.46,114.34
614.96,3.25,6.45,35.78,121.29
616.23,3.65,6.14,33.50,128.24
617.50,4.28,5.41,31.22,133.21
618.77,4.91,4.67,29.59,138.17
620.04,5.50,3.98,27.95,143.13
621.31,6.09,3.30,26.59,152.50
622.58,6.02,3.08,25.23,161.87
623.85,5.95,3.48,23.22,175.11
625.12,4.51,3.87,21.20,188.35
626.38,3.85,4.07,15.61,199.98
627.65,3.19,4.27,13.03,211.60
628.92,3.18,3.98,10.45,223.22
630.19,3.17,3.69,11.22,243.18
631.46,3.65,3.40,12.00,263.13
632.73,4.13,3.11,15.03,283.23
634.00,4.46,3.55,18.06,303.33
635.27,4.78,4.20,22.68,322.00
636.54,4.33,4.84,27.29,340.66
637.81,3.80,5.23,32.40,351.91
639.08,3.28,5.62,37.51,363.16
640.35,3.01,5.21,47.53,374.41
641.62,2.74,4.80,51.60,390.27
642.88,2.89,3.91,55.67,406.13
644.15,3.03,3.02,57.72,422.49
645.42,3.51,1.52,59.77,438.86
646.69,3.65,0.99,60.01,456.23
647.96,3.79,0.47,60.26,473.61
649.23,3.86,0.23,60.45,484.81
650.50,3.94,0.00,60.65,496.00
651.77,3.81,0.50,62.34,507.20
653.04,3.69,1.01,64.03,522.07
654.31,3.06,2.24,71.51,536.94
655.58,3.12,3.47,77.41,551.09
656.85,3.19,5.72,83.30,565.25
658.12,3.74,6.14,90.47,576.14
659.38,4.30,6.57,97.65,587.04
660.65,4.37,6.64,104.12,597.93
661.92,4.45,6.70,110.59,618.53
663.19,3.62,6.84,114.95,639.12
664.46,2.79,6.98,119.32,663.53
665.73,1.36,7.00,124.78,687.93
667.00,1.62,7.02,127.48,714.10
668.27,1.89,6.43,130.19,740.28
669.54,2.59,6.06,133.92,757.90
670.81,3.29,5.69,137.65,775.52
672.08,3.45,5.38,142.08,793.15
673.35,3.61,5.06,146.52,819.22
674.62,2.58,4.72,150.95,845.29
675.88,2.00,4.38,155.39,871.35
677.15,1.43,4.19,159.36,897.41
678.42,1.30,4.00,163.34,917.19
679.69,1.16,4.52,169.10,936.98
680.96,1.47,5.02,170.54,956.76
682.23,1.78,5.53,171.99,996.37
683.50,2.40,6.03,173.59,1035.99
684.77,3.01,6.53,175.20,1087.98
686.04,4.24,6.97,179.73,1139.97
687.31,4.42,7.42,184.26,1197.74
688.58,4.60,7.78,192.67,1255.50
689.85,4.41,8.15,201.08,1289.56
691.12,4.23,8.74,211.79,1323.61
692.38,4.10,9.08,222.50,1357.66
693.65,3.98,9.41,244.18,1392.27
694.92,3.69,9.70,253.11,1426.88
696.19,3.25,9.99,262.04,1446.28
697.46,2.81,9.97,267.41,1465.69
698.73,2.15,9.96,272.78,1483.76
700.00,1.49,9.54,274.70,1501.83
701.00,0.91,9.13,276.62,1523.96
702.90,0.32,7.97,277.25,1546.10
704.81,0.00,7.85,277.88,1568.23
706.71,0.48,7.73,279.67,1623.14
708.62,0.95,8.52,281.46,1678.05
710.52,1.82,9.31,290.32,1749.05
712.42,2.68,10.42,297.64,1820.06
714.33,3.24,11.53,304.96,1870.58
716.23,3.79,11.99,314.10,1921.10
718.13,3.88,12.45,323.23,1971.62
720.04,3.97,12.09,332.21,2043.57
721.94,3.88,11.92,341.19,2115.51
723.85,3.71,11.74,348.66,2184.18
725.75,3.53,11.74,356.13,2252.85
727.65,3.27,11.74,362.53,2327.04
729.56,3.00,11.73,368.93,2401.23
731.46,3.11,11.72,382.79,2460.71
733.37,3.22,11.74,391.48,2520.20
735.27,4.42,11.75,400.17,2579.68
737.17,4.76,11.85,410.48,2689.48
739.08,5.10,11.80,420.80,2799.27
740.98,4.53,11.75,431.49,2933.48
742.88,3.96,11.70,442.18,3067.68
744.79,2.92,11.64,452.14,3178.18
746.69,1.88,11.72,462.10,3288.68
748.60,1.42,11.79,471.04,3399.18
750.50,0.95,11.96,479.98,3606.99
752.40,1.82,12.12,495.15,3814.80
754.31,2.40,12.54,500.40,4066.52
756.21,2.98,12.72,505.64,4318.24
758.12,3.13,12.90,508.12,4588.29
760.02,3.28,12.95,510.60,4858.33
761.92,3.25,12.99,511.98,5014.90
763.83,3.22,13.15,513.37,5171.46
765.73,3.43,13.32,516.45,5328.02
767.63,3.60,14.00,519.54,5482.17
769.54,3.78,14.69,532.56,5636.32
771.44,3.87,17.05,543.06,5716.89
773.35,3.97,18.42,553.56,5797.47
775.25,3.85,19.78,569.23,5863.80
777.15,3.74,21.54,584.89,5930.13
779.06,3.49,23.30,609.72,6010.87
780.96,3.24,26.42,634.55,6091.61
782.87,3.20,29.54,680.17,6172.36
784.77,3.50,35.47,725.79,6399.63
786.67,3.80,41.39,818.71,6626.91
788.58,4.18,61.71,911.62,6989.01
790.48,4.55,76.13,1269.06,7351.11
792.38,5.00,90.56,1554.74,7669.57
794.29,5.45,105.74,1840.42,7988.03
796.19,6.42,120.93,2192.36,8306.50
798.10,6.48,130.51,2544.29,8801.51
800.00,6.53,140.08,2843.48,9296.53
801.00,5.93,139.01,3142.67,9671.82
803.41,5.34,137.93,3242.16,10047.12
805.83,4.48,114.99,3341.65,10251.32
808.24,3.62,98.78,3173.79,10455.51
810.66,2.28,82.58,3005.94,10540.39
813.07,1.93,68.56,2304.39,10625.26
815.49,1.58,54.55,1946.34,10710.13
817.90,1.41,46.08,1588.29,10872.78
820.32,1.23,37.61,1348.26,11035.42
822.73,1.03,29.78,1108.23,11226.35
825.15,0.84,28.28,998.05,11417.29
827.56,0.78,26.79,887.87,11527.84
829.98,0.72,26.67,858.57,11638.39
832.39,1.22,26.54,829.27,11748.95
834.80,1.46,27.29,838.78,11920.97
837.22,1.69,28.03,848.30,12092.99
839.63,1.82,29.22,909.13,12349.04
842.05,1.96,30.41,953.72,12605.10
844.46,2.48,33.71,998.30,12971.02
846.88,3.01,35.51,1049.20,13336.94
849.29,4.85,37.31,1100.10,13644.91
851.71,5.48,38.42,1145.49,13952.87
854.12,6.12,39.54,1190.87,14260.83
856.54,6.26,39.73,1218.81,14815.35
858.95,6.40,39.92,1246.75,15369.86
861.37,6.26,39.87,1252.18,16009.79
863.78,6.12,39.83,1257.61,16649.72
866.20,5.43,40.37,1236.18,17338.78
868.61,4.74,40.71,1222.59,18027.83
871.02,2.45,41.06,1208.99,18491.88
873.44,1.89,41.19,1201.70,18955.93
875.85,1.32,41.31,1194.40,19419.98
878.27,1.75,41.47,1193.43,20108.02
880.68,2.18,41.63,1192.47,20796.06
883.10,2.72,42.01,1194.23,21481.28
885.51,3.26,42.39,1195.99,22166.50
887.93,3.08,43.03,1199.42,22628.23
890.34,2.41,43.11,1202.86,23089.96
892.76,1.75,43.20,1216.23,23551.69
895.17,1.07,43.18,1228.29,24285.27
897.59,0.39,43.15,1240.35,25018.86
900.00,0.45,43.32,1259.07,25858.82
901.00,0.50,43.49,1277.78,26698.78
904.54,2.32,44.28,1301.96,27691.02
908.07,3.15,45.07,1326.14,28683.26
911.61,3.98,48.25,1352.40,29425.25
915.14,3.82,50.02,1378.66,30167.24
918.68,3.67,51.79,1428.47,30909.23
922.21,2.77,53.09,1450.55,32055.99
925.75,1.88,54.40,1472.62,33202.76
929.29,1.42,55.58,1495.55,34326.01
932.82,0.96,56.77,1518.48,35449.26
936.36,2.37,58.63,1559.92,36191.93
939.89,3.62,60.49,1601.36,36934.61
943.43,4.87,68.84,1727.98,37677.29
946.96,5.86,81.35,1854.61,38820.71
950.50,6.86,93.86,2271.10,39964.13
954.04,8.16,127.87,2687.60,41133.83
957.57,9.47,161.88,4895.51,42303.52
961.11,15.76,233.44,7088.61,43487.32
964.64,21.23,305.00,9281.71,44671.11
968.18,26.71,420.45,12523.00,45517.99
971.71,32.85,535.91,15764.28,46364.86
975.25,38.98,818.21,19202.40,47211.74
978.79,43.02,937.53,22640.53,48633.75
982.32,47.06,1056.84,24793.24,50055.77
985.86,47.14,1096.57,26945.96,51502.36
989.39,47.22,1136.30,26635.54,52948.94
992.93,39.71,1070.21,26325.13,54236.74
996.46,34.15,1004.12,21087.84,55524.55
1000.00,28.59,865.35,17570.62,56244.09
1001.00,23.58,726.58,14053.40,56963.64
1006.10,18.58,438.94,11106.68,57683.19
1011.21,15.11,338.37,8159.95,58439.60
1016.31,11.64,237.81,6371.92,59196.02
1021.41,7.41,186.35,4583.89,59448.23
1026.51,6.36,134.89,3751.79,59700.45
1031.62,5.31,114.47,2919.69,59650.23
1036.72,5.04,94.05,2612.64,59600.00
1041.82,4.78,86.99,2305.58,59549.78
1046.92,4.90,79.93,2115.37,59591.59
1052.03,5.02,74.05,2079.26,59633.41
1057.13,5.14,71.83,2043.15,59919.88
1062.23,5.27,69.61,2010.26,60206.36
1067.33,4.90,67.31,1977.36,60510.36
1072.44,4.42,65.00,1938.25,60814.36
1077.54,3.95,62.97,1899.14,60921.94
1082.64,3.67,60.95,1862.60,61029.52
1087.74,3.39,59.96,1826.05,61137.11
1092.85,3.62,58.96,1802.74,61185.64
1097.95,3.84,59.28,1779.43,61234.18
1103.05,5.00,60.09,1769.45,61231.91
1108.15,5.55,60.89,1779.76,61229.65
1113.26,6.10,61.78,1790.08,61191.92
1118.36,6.18,62.66,1804.70,61154.19
1123.46,6.26,62.99,1819.33,61116.46
1128.56,5.80,63.33,1823.71,60971.17
1133.67,5.35,62.52,1828.10,60825.88
1138.77,4.32,61.71,1813.32,60626.27
1143.87,4.17,58.20,1798.55,60426.66
1148.97,4.01,56.63,1769.74,60276.70
1154.08,4.15,55.06,1740.93,60126.73
1159.18,4.28,54.70,1689.07,60082.89
1164.28,4.38,54.35,1681.78,60039.05
1169.38,4.49,55.19,1674.48,59995.21
1174.49,4.25,56.02,1689.61,59938.25
1179.59,4.02,57.59,1704.74,59881.30
1184.69,2.51,59.16,1734.32,59764.07
1189.79,1.59,63.33,1763.91,59646.85
1194.90,0.68,65.42,1795.06,59439.97
1200.00,0.49,67.51,1826.21,59233.10
1201.00,0.29,68.56,1865.54,59005.46
1210.06,1.13,69.61,1863.21,58777.84
1219.12,1.96,69.06,1860.89,58550.20
1228.18,4.24,68.51,1834.44,58030.37
1237.24,4.92,66.85,1808.00,57510.53
1246.30,5.60,65.20,1766.73,56781.12
1255.36,5.64,61.89,1725.46,56051.70
1264.42,5.68,61.03,1682.26,55393.51
1273.48,5.27,60.16,1639.07,54735.32
1282.55,4.86,59.94,1601.77,54077.12
1291.61,4.49,59.72,1564.48,52825.56
1300.67,4.11,59.40,1509.21,51574.00
1309.73,4.50,59.08,1494.11,50168.34
1318.79,5.23,58.41,1479.01,48762.68
1327.85,5.95,57.74,1475.41,47422.71
1336.91,6.55,56.36,1471.80,46082.73
1345.97,7.14,55.54,1471.46,45488.08
1355.03,7.15,54.72,1471.13,44893.43
1364.09,7.15,53.38,1462.72,44298.78
1373.15,6.35,52.04,1454.32,44346.24
1382.21,5.80,50.46,1431.40,44393.70
1391.27,5.24,48.87,1408.48,45423.02
1400.33,4.54,47.49,1337.46,46452.35
1409.39,3.84,46.10,1296.30,47200.22
1418.45,3.15,43.26,1255.14,47948.09
1427.52,2.46,41.75,1214.76,48695.96
1436.58,2.17,40.23,1174.38,48672.95
1445.64,1.88,39.30,1138.00,48649.95
1454.70,2.31,38.36,1101.61,46958.65
1463.76,2.72,38.18,1069.72,45267.35
1472.82,3.13,37.99,1037.82,42293.23
1481.88,3.38,37.71,1009.52,39319.12
1490.94,3.62,37.42,981.23,36957.76
1500.00,3.55,35.60,930.17,34596.41
1501.00,3.47,34.48,907.51,32235.05
1514.13,2.50,33.37,884.84,28770.32
1527.26,1.89,32.72,865.28,25305.60
1540.39,1.28,32.06,845.72,22442.85
1553.53,1.24,32.07,828.61,19580.10
1566.66,1.21,32.07,811.49,17596.60
1579.79,2.05,32.05,795.62,15613.10
1592.92,2.88,32.03,779.74,14794.68
1606.05,4.81,30.42,764.29,13976.27
1619.18,5.11,29.22,748.84,13157.86
1632.32,5.40,28.02,719.30,12340.12
1645.45,5.22,27.31,706.58,11522.38
1658.58,5.04,26.61,693.86,10876.51
1671.71,5.03,26.53,684.75,10230.64
1684.84,5.02,26.46,675.64,9878.88
1697.97,5.31,26.61,670.11,9527.12
1711.11,5.60,26.76,664.57,9175.36
1724.24,6.23,27.19,659.86,8770.23
1737.37,6.29,27.59,655.15,8365.09
1750.50,6.35,27.99,647.18,8064.26
1763.63,5.88,28.56,639.22,7763.42
1776.76,5.41,29.13,611.55,7534.69
1789.89,4.53,29.70,593.44,7305.97
1803.03,3.64,30.26,575.33,7185.35
1816.16,2.47,30.60,563.62,7064.74
1829.29,2.62,30.94,551.91,6944.12
1842.42,2.78,30.14,575.65,6794.25
1855.55,3.07,28.56,599.38,6644.39
1868.68,3.37,26.98,711.02,6508.73
1881.82,3.00,25.14,822.67,6373.07
1894.95,2.63,23.30,1334.36,6279.73
1908.08,1.92,23.72,1745.23,6186.38
1921.21,1.22,24.14,2156.11,6093.04
1934.34,1.50,29.77,2639.51,5930.09
1947.47,3.01,35.41,3122.91,5767.13
1960.61,4.52,61.12,3502.98,5570.88
1973.74,6.65,80.98,3883.05,5374.63
1986.87,8.79,100.84,3971.21,5154.51
2000.00,10.50,124.11,4059.37,4934.38
2001.00,12.21,147.38,3790.84,4787.92
2015.91,13.96,166.87,3522.31,4641.46
2030.82,13.99,186.37,2529.98,4495.01
2045.73,14.03,193.71,2032.19,4294.90
2060.64,13.15,201.04,1534.39,4094.79
2075.55,12.28,182.61,1187.94,3918.39
2090.46,10.64,160.76,841.49,3741.99
2105.37,9.00,138.91,661.07,3585.34
2120.28,5.58,114.52,480.65,3428.69
2135.19,4.55,90.12,404.72,3335.51
2150.10,3.52,71.55,328.79,3242.34
2165.01,3.22,52.97,298.21,3149.16
2179.93,2.91,42.10,267.64,3026.89
2194.84,2.77,31.23,237.39,2904.63
2209.75,2.63,20.73,227.99,2802.29
2224.66,2.17,18.71,218.58,2699.95
2239.57,1.71,16.69,212.48,2646.70
2254.48,0.44,15.80,206.38,2593.45
2269.39,0.22,14.90,202.45,2540.20
2284.30,0.00,13.74,198.52,2482.55
2299.21,0.36,12.58,195.65,2424.91
2314.12,0.73,11.29,192.78,2382.48
2329.03,1.18,10.01,190.08,2340.05
2343.94,1.64,8.85,187.39,2297.30
2358.85,2.10,9.13,180.77,2254.54
2373.76,2.12,9.41,176.22,2213.34
2388.67,2.15,9.86,171.68,2172.14
2403.58,1.99,10.30,166.26,2130.93
2418.49,1.83,10.26,160.83,2040.10
2433.40,1.86,10.22,155.91,1949.26
2448.31,1.90,9.70,150.99,1833.85
2463.22,2.64,9.19,147.88,1718.45
2478.13,3.39,7.94,144.76,1633.48
2493.04,5.43,7.31,143.41,1548.51
2507.96,5.80,6.68,142.06,1463.54
2522.87,6.17,6.09,139.47,1337.95
2537.78,5.76,5.49,136.43,1212.37
2552.69,5.36,5.04,133.38,1101.93
2567.60,4.68,4.60,128.52,991.49
2582.51,4.01,4.31,123.66,905.49
2597.42,3.03,4.01,118.12,819.49
2612.33,2.91,3.71,112.57,779.72
2627.24,2.79,3.65,107.04,739.94
2642.15,2.72,3.60,101.50,700.16
2657.06,2.65,3.26,96.25,662.73
2671.97,2.19,2.92,91.00,625.29
2686.88,1.74,2.11,82.27,602.56
2701.79,1.07,1.30,79.33,579.83
2716.70,0.40,0.66,76.40,560.39
2731.61,0.00,0.01,74.63,540.94
2746.52,0.54,0.00,72.87,520.65
2761.43,1.08,0.36,71.40,500.37
2776.34,1.84,0.72,69.93,480.08
2791.25,2.60,1.05,68.22,429.43
2806.16,2.92,1.38,66.50,378.78
2821.07,3.24,1.84,62.85,312.15
2835.99,3.15,2.30,61.08,245.52
2850.90,3.17,2.86,59.32,200.50
2865.81,3.20,3.41,57.35,155.48
2880.72,3.27,4.16,55.38,110.45
2895.63,3.33,4.16,53.02,55.23
2910.54,3.30,4.16,50.67,0.00
2925.45,3.27,3.84,48.27,0.00
2940.36,3.20,3.52,45.87,0.00
2955.27,3.29,3.19,43.78,0.00
2970.18,3.38,2.85,41.69,0.00
2985.09,3.83,2.64,37.75,0.00
3000.00,4.27,2.83,35.70,0.00
3001.00,5.02,3.03,33.65,0.00
3028.02,5.76,3.41,31.84,0.00
3055.04,6.31,3.79,30.04,0.00
3082.05,6.86,3.96,29.07,0.00
3109.07,7.20,4.12,28.10,0.00
3136.09,7.08,3.92,28.18,0.07
3163.11,6.97,3.72,28.26,0.14
3190.13,6.53,3.45,29.20,0.21
3217.14,6.10,3.60,30.13,1.08
3244.16,5.45,3.74,32.89,1.96
3271.18,4.81,3.79,33.99,2.48
3298.20,3.84,3.85,35.08,3.01
3325.22,3.83,3.75,35.08,2.28
3352.23,3.82,3.65,35.07,1.56
3379.25,4.20,3.67,33.67,1.04
3406.27,4.59,3.69,32.28,0.52
3433.29,4.89,3.73,29.66,0.00
3460.31,5.19,3.45,27.05,0.00
3487.32,5.02,3.16,23.82,0.00
3514.34,4.85,2.73,20.60,4.64
3541.36,3.78,2.29,15.11,9.28
3568.38,3.24,1.90,13.45,18.97
3595.40,2.71,1.51,11.79,28.65
3622.41,2.52,1.15,10.60,37.88
3649.43,2.34,0.79,9.42,47.11
3676.45,2.57,0.25,7.98,56.34
3703.47,2.81,0.14,6.54,73.00
3730.49,3.57,0.03,5.09,89.67
3757.50,3.69,0.02,3.64,107.34
3784.52,3.82,0.00,2.84,125.02
3811.54,3.56,0.08,2.03,135.67
3838.56,3.30,0.17,1.99,146.31
3865.58,3.02,0.40,2.27,156.96
3892.59,2.74,0.63,2.54,167.20
3919.61,2.78,0.93,2.65,177.44
3946.63,2.82,0.77,2.76,178.26
3973.65,2.84,0.60,2.78,179.08
4000.67,2.44,0.30,2.80,169.98
4027.68,2.04,0.00,2.99,160.88
4054.70,1.59,0.00,3.19,150.25
4081.72,1.14,0.00,3.48,139.63
4108.74,1.21,0.48,3.77,129.00
4135.76,1.28,0.97,3.77,111.05
4162.77,2.19,1.86,3.32,93.09
4189.79,2.38,1.71,2.87,77.67
4216.81,2.56,1.57,2.18,62.25
4243.83,2.29,1.24,1.50,55.14
4270.85,2.02,0.92,0.75,48.04
4297.86,1.81,0.88,0.00,40.93
4324.88,1.60,0.84,0.00,34.50
4351.90,2.03,0.84,0.00,28.07
4378.92,2.46,0.85,0.00,24.24
4405.94,2.89,0.68,0.00,20.42
4432.96,3.30,0.80,0.00,17.84
4459.97,3.70,0.93,0.32,15.27
4486.99,4.00,1.31,0.63,13.83
4514.01,4.30,1.70,1.27,12.39
4541.03,4.39,2.09,1.90,10.94
4568.04,4.49,2.48,2.68,8.83
4595.06,4.12,2.65,3.46,6.72
4622.08,3.76,2.81,3.94,4.78
4649.10,3.39,2.39,4.42,2.85
4676.12,3.06,1.96,4.00,1.53
4703.14,2.72,1.53,3.60,0.20
4730.15,2.56,1.42,3.21,0.14
4757.17,2.39,1.31,3.41,0.07
4784.19,2.45,1.65,3.60,0.00
4811.21,2.72,1.99,4.08,0.00
4838.23,2.98,2.12,4.55,0.00
4865.24,3.37,2.24,4.40,0.00
4892.26,3.76,1.33,4.24,0.00
4919.28,4.11,1.00,3.41,0.00
4946.30,4.46,0.66,2.58,0.00
4973.32,4.58,0.95,1.27,0.00
5000.33,4.70,1.24,1.44,0.00
5027.35,4.01,1.55,1.62,0.00
5054.37,3.31,1.86,2.30,0.00
5081.39,2.60,1.70,2.99,0.00
5108.41,2.12,1.55,3.55,0.00
5135.42,1.63,1.26,4.12,0.00
5162.44,1.81,1.53,4.29,0.00
5189.46,1.98,1.79,4.47,0.00
5216.48,3.57,2.13,3.98,0.00
5243.50,4.49,2.46,3.50,0.00
5270.51,5.42,2.69,1.38,0.00
5297.53,5.64,2.91,0.69,0.16
5324.55,5.86,3.19,0.00,0.32
5351.57,5.17,3.47,0.10,0.22
5378.59,4.47,3.49,0.20,0.11
5405.60,2.76,2.93,0.48,0.01
5432.62,2.27,2.38,0.76,0.00
5459.64,1.78,2.00,0.53,0.00
5486.66,1.66,1.63,0.30,0.00
5513.68,1.54,2.16,0.15,0.00
5540.69,2.30,2.69,0.00,5.75
5567.71,3.06,4.18,3.58,11.50
5594.73,6.71,5.67,11.61,24.67
5621.75,10.36,13.84,19.64,37.85
5648.77,32.48,26.40,42.69,51.02
5675.78,58.60,38.95,65.74,102.04
5702.80,84.72,69.78,115.24,153.07
5729.82,135.21,100.60,164.74,249.57
5756.84,185.70,159.42,248.72,346.08
5783.86,266.72,218.24,332.69,485.55
5810.87,347.74,307.83,447.96,625.03
5837.89,562.21,397.42,563.23,727.75
5864.91,675.32,615.63,815.35,830.47
5891.93,788.42,716.81,915.39,933.19
5918.95,874.51,817.99,1015.42,1050.10
5945.96,960.59,875.82,1050.42,1167.00
5972.98,989.11,933.65,1085.42,1193.33
6000.00,1017.63,923.80,1038.33,1219.65
6026.79,977.65,913.95,991.25,1165.18
6053.62,937.67,840.91,881.43,1110.71
6080.45,751.19,767.86,771.61,1056.24
6107.28,637.55,558.19,513.69,904.58
6134.11,523.92,458.40,405.06,752.93
6160.94,422.47,358.60,296.44,597.71
6187.77,321.02,285.70,224.86,442.50
6214.60,248.99,212.80,153.27,330.59
6241.43,176.95,169.39,114.56,218.68
6268.26,91.81,125.99,75.85,177.83
6295.09,70.22,104.07,57.81,136.97
6321.92,48.63,82.16,39.77,96.12
6348.75,39.18,63.76,32.13,68.56
6375.58,29.74,61.22,24.49,41.00
6402.41,26.10,58.69,18.21,29.10
6429.24,22.47,58.84,16.76,17.20
6456.07,20.98,58.99,15.31,11.62
6482.90,19.49,59.68,14.44,6.04
6509.73,17.77,60.38,13.58,4.44
6536.56,17.21,61.06,12.87,2.84
6563.39,16.66,61.74,12.17,1.24
6590.22,16.48,62.84,11.31,0.62
6617.05,16.31,63.09,10.45,0.00
6643.88,16.43,63.35,9.40,0.00
6670.71,16.55,63.28,8.35,0.00
6697.54,16.45,63.21,6.61,0.00
6724.37,15.76,62.95,6.12,0.00
6751.20,15.06,62.68,5.63,0.00
6778.03,13.56,62.48,5.24,0.00
6804.86,12.05,62.28,4.85,0.00
6831.69,10.15,62.44,4.50,0.07
6858.52,8.25,62.62,4.15,0.14
6885.35,5.72,62.80,3.97,0.34
6912.18,5.72,62.50,3.79,0.54
6939.01,5.73,62.20,3.51,0.75
6965.84,6.46,60.90,3.23,0.96
6992.67,7.19,59.59,2.00,1.17
7019.50,7.76,57.34,1.35,1.35
7046.33,8.33,55.10,0.70,1.54
7073.16,8.40,49.66,0.36,1.51
7099.99,8.46,46.91,0.01,1.47
7126.82,7.93,44.15,0.01,1.37
7153.65,7.65,41.56,0.00,1.28
7180.48,7.38,38.97,0.29,1.18
7207.31,7.27,36.43,0.58,0.88
7234.14,7.17,33.89,1.22,0.58
7260.97,7.15,31.25,1.85,0.29
7287.80,7.13,28.60,3.81,0.00
7314.63,6.88,23.50,4.78,0.00
7341.46,6.63,21.36,5.76,0.00
7368.29,6.37,19.23,6.17,0.00
7395.12,6.21,17.56,6.58,0.00
7421.95,6.06,15.89,6.24,0.00
7448.78,6.04,14.47,5.89,0.24
7475.61,6.02,13.04,5.27,0.49
7502.44,5.84,11.61,4.64,1.15
7529.27,5.66,10.18,4.36,1.82
7556.10,4.85,7.42,4.07,2.33
7582.93,4.81,6.36,4.23,2.84
7609.76,4.76,5.30,4.22,3.07
7636.59,5.38,4.66,4.21,3.30
7663.42,6.00,4.02,4.19,3.53
7690.25,6.65,3.79,4.18,3.73
7717.08,7.29,3.56,4.64,3.94
7743.91,7.10,3.67,5.11,3.72
7770.74,6.36,3.78,5.72,3.50
7797.57,5.61,4.10,6.33,3.48
7824.40,4.92,4.01,6.25,3.46
7851.23,4.23,3.93,5.82,3.44
7878.06,4.11,3.68,5.40,4.56
7904.90,3.98,3.43,5.35,5.67
7931.73,4.55,3.33,5.29,7.18
7958.56,4.67,3.23,5.41,8.69
7985.39,4.78,3.42,5.54,9.13
8012.22,4.39,3.61,5.27,9.58
8039.05,4.00,4.43,5.00,9.22
8065.88,3.44,5.08,4.53,8.85
8092.71,2.88,5.73,4.05,8.49
8119.54,2.72,6.33,3.70,7.81
8146.37,2.56,6.93,3.82,7.13
8173.20,3.20,6.91,3.93,6.58
8200.03,3.85,6.88,4.03,6.03
8226.86,4.49,6.38,4.14,5.78
8253.69,5.41,5.88,4.36,5.54
8280.52,6.33,5.46,4.59,5.30
8307.35,7.11,5.44,5.18,5.06
8334.18,7.89,5.42,5.77,4.83
8361.01,8.17,4.83,6.09,4.26
8387.84,7.82,4.23,6.41,3.69
8414.67,7.48,3.26,4.77,2.74
8441.50,7.14,2.29,3.27,1.79
8468.33,6.80,1.93,1.76,1.31
8495.16,6.76,1.57,0.89,0.83
8521.99,6.72,2.26,0.01,0.36
8548.82,6.94,2.56,0.30,0.18
8575.65,7.15,2.86,0.59,0.00
8602.48,7.16,2.87,1.63,0.00
8629.31,6.54,2.88,2.66,0.00
8656.14,5.92,2.85,3.72,0.00
8682.97,5.01,2.83,4.77,0.00
8709.80,4.09,2.90,5.66,0.14
8736.63,3.49,2.97,5.50,0.29
8763.46,2.89,3.06,5.34,0.43
8790.29,2.54,2.79,5.16,0.84
8817.12,2.61,2.51,4.98,1.24
8843.95,2.67,1.87,5.00,1.44
8870.78,2.83,1.23,5.01,1.63
8897.61,2.98,0.91,4.83,1.40
8924.44,3.11,0.59,4.65,1.17
8951.27,3.24,1.17,4.13,0.94
8978.10,3.39,1.76,3.62,0.47
9004.93,3.54,3.53,2.96,0.00
9031.76,4.02,3.70,3.21,0.00
9058.59,4.19,3.86,3.45,0.00
9085.42,4.36,3.20,3.84,0.21
9112.25,4.35,2.55,4.23,0.41
9139.08,4.35,1.78,4.15,0.28
9165.91,4.48,1.01,4.07,0.14
9192.74,4.61,0.31,3.64,0.00
9219.57,5.30,0.31,3.21,0.00
9246.40,5.51,0.31,2.97,0.00
9273.23,5.71,0.39,2.73,1.40
9300.06,5.88,0.48,3.01,2.79
9326.89,6.05,0.53,3.15,4.38
9353.72,6.48,0.58,3.30,5.96
9380.55,6.91,0.57,2.92,7.55
9407.38,7.58,0.55,2.55,9.01
9434.21,7.46,0.56,1.76,10.47
9461.04,7.35,0.78,0.97,9.87
9487.87,7.24,1.00,0.51,9.27
9514.70,7.13,1.39,0.06,7.14
9541.53,7.35,1.78,0.49,5.02
9568.36,7.56,2.27,0.97,3.77
9595.19,7.37,2.76,1.44,2.53
9622.02,7.18,3.31,1.86,1.29
9648.85,4.63,3.87,2.27,1.01
9675.68,3.00,4.13,2.73,0.74
9702.51,1.36,3.47,3.19,1.30
9729.34,0.68,2.82,3.67,1.86
9756.17,0.00,1.91,4.16,1.65
9783.00,0.23,1.00,4.31,1.44
9809.83,0.46,0.50,4.47,0.96
9836.67,1.97,0.00,3.68,0.48
9863.50,2.42,0.04,3.09,0.00
9890.33,2.88,0.07,2.49,0.00
9917.16,3.07,1.04,2.44,0.00
9943.99,3.26,1.68,2.38,3.05
9970.82,3.42,2.31,3.16,6.10
9997.65,3.58,2.73,3.94,8.78
10024.48,3.39,3.15,4.84,11.45
10051.31,3.20,3.42,5.74,14.13
10078.14,2.03,3.68,5.84,18.49
10104.97,1.62,3.80,5.95,22.86
10131.80,1.21,3.92,4.78,26.60
10158.63,1.06,3.29,4.12,30.33
10185.46,0.92,2.84,3.46,31.96
10212.29,0.73,2.38,2.84,33.58
10239.12,0.55,2.46,2.23,32.95
10265.95,0.26,2.53,1.58,32.31
10292.78,0.13,2.85,0.94,31.68
10319.61,0.00,3.17,0.53,29.51
10346.44,0.00,2.89,0.13,27.33
10373.27,0.00,2.62,0.06,25.93
10400.10,0.00,1.05,0.00,24.53
10426.93,0.00,0.53,0.22,24.51
10453.76,0.00,0.00,0.65,24.48
10480.59,0.00,0.17,1.08,24.46
10507.42,0.00,0.35,1.79,24.41
10534.25,0.00,1.23,2.50,24.36
10561.08,0.00,2.12,2.85,23.06
10587.91,0.00,3.09,3.19,21.76
10614.74,0.00,4.06,2.79,19.91
10641.57,0.00,4.56,2.38,18.07
10668.40,0.00,3.92,1.89,17.33
10695.23,0.00,3.27,1.40,16.60
10722.06,0.00,2.24,1.71,15.87
10748.89,0.00,1.20,2.19,15.52
10775.72,0.00,0.60,2.67,15.16
10802.55,0.00,0.00,2.71,14.82
10829.38,0.00,0.22,2.76,14.48
10856.21,0.00,0.44,2.30,13.98
10883.04,0.00,1.92,1.84,13.48
10909.87,0.00,2.43,1.27,13.22
10936.70,0.00,2.94,0.70,12.96
10963.53,0.00,2.93,0.35,12.71
10990.36,0.00,2.92,0.00,12.60
11017.19,0.00,2.51,0.08,12.50
11044.02,0.00,2.10,0.36,12.35
11070.85,0.00,1.52,0.64,12.21
11097.68,0.00,0.95,0.76,11.68
11124.51,0.00,0.00,0.87,11.14
11151.34,0.00,0.00,0.80,10.61
11178.17,0.00,0.00,0.72,9.10
11205.00,0.00,0.00,0.79,7.59
11231.83,0.00,0.00,0.86,5.97
11258.66,0.00,0.00,1.39,4.36
11285.49,0.00,0.00,1.58,3.07
11312.32,0.00,0.00,1.77,1.78
11339.15,0.00,0.00,1.91,1.24
11365.98,0.00,0.00,2.05,0.71
11392.81,0.00,0.00,2.42,0.18
11419.64,0.00,0.00,2.80,0.09
11446.47,0.00,0.00,3.19,0.00
11473.30,0.00,0.00,3.58,0.28
11500.13,0.00,0.00,3.52,0.56
11526.96,0.00,0.00,3.47,0.74
11553.79,0.00,0.00,2.91,0.91
11580.62,0.00,0.00,2.77,1.09
11607.45,0.00,0.00,2.62,0.98
11634.28,0.00,0.00,2.35,0.88
11661.11,0.00,0.00,2.08,0.54
11687.94,0.00,0.00,1.50,0.19
11714.77,0.00,0.00,0.92,0.10
11741.60,0.00,0.00,0.46,0.00
11768.43,0.00,0.00,0.00,0.00
11795.26,0.00,0.00,0.00,0.00
11822.09,0.00,0.00,0.00,0.00
11848.92,0.00,0.00,0.00,0.80
11875.75,0.00,0.00,0.00,1.60
11902.58,0.00,0.00,0.00,2.74
11929.42,0.00,0.00,0.00,3.88
11956.25,0.00,0.00,0.00,4.54
11983.08,0.00,0.00,0.00,5.20
12009.91,0.00,0.00,0.00,5.06
12036.74,0.00,0.00,0.00,4.91
12063.57,0.00,0.00,0.00,4.76
12090.40,0.00,0.00,0.00,4.04
12117.23,0.00,0.00,0.00,3.32
12144.06,0.00,0.00,0.00,2.72
12170.89,0.00,0.00,0.00,2.11
12197.72,0.00,0.00,0.00,2.05
12224.55,0.00,0.00,0.00,1.99
12251.38,0.00,0.00,0.00,1.94
12278.21,0.00,0.00,0.00,2.41
12305.04,0.00,0.00,0.00,2.88
12331.87,0.00,0.00,0.00,3.40
12358.70,0.00,0.00,0.00,3.93
12385.53,0.00,0.00,0.00,3.77
12412.36,0.00,0.00,0.00,3.61
12439.19,0.00,0.00,0.00,3.00
12466.02,0.00,0.00,0.00,2.40
12492.85,0.00,0.00,0.00,1.79
12519.68,0.00,0.00,0.00,0.94
12546.51,0.00,0.00,0.00,0.08
12573.34,0.00,0.00,0.00,0.04
12600.17,0.00,0.00,0.00,0.00
12627.00,0.00,0.00,0.00,0.06
12653.83,0.00,0.00,0.00,0.12
12680.66,0.00,0.00,0.00,0.18
12707.49,0.00,0.00,0.00,0.20
12734.32,0.00,0.00,0.00,0.21
12761.15,0.00,0.00,0.00,0.11
12787.98,0.00,0.00,0.00,0.00
12814.81,0.00,0.00,0.00,0.00
12841.64,0.00,0.00,0.00,0.00
12868.47,0.00,0.00,0.00,0.05
12895.30,0.00,0.00,0.00,0.10
12922.13,0.00,0.00,0.00,0.16
12948.96,0.00,0.00,0.00,0.12
12975.79,0.00,0.00,0.00,0.09
13002.62,0.00,0.00,0.00,0.05
13029.45,0.00,0.00,0.00,0.00
13056.28,0.00,0.00,0.00,0.99
13083.11,0.00,0.00,0.00,1.99
13109.94,0.00,0.00,0.00,3.22
13136.77,0.00,0.00,0.00,4.46
13163.60,0.00,0.00,0.00,5.69
13190.43,0.00,0.00,0.00,8.08
13217.26,0.00,0.00,0.00,10.46
13244.09,0.00,0.00,0.00,12.63
13270.92,0.00,0.00,0.00,14.81
13297.75,0.00,0.00,0.00,16.02
13324.58,0.00,0.00,0.00,17.24
13351.41,0.00,0.00,0.00,18.45
13378.24,0.00,0.00,0.00,19.93
13405.07,0.00,0.00,0.00,21.41
13431.90,0.00,0.00,0.00,22.20
13458.73,0.00,0.00,0.00,23.00
13485.56,0.00,0.00,0.00,23.24
13512.39,0.00,0.00,0.00,23.49
13539.22,0.00,0.00,0.00,23.67
13566.05,0.00,0.00,0.00,23.84
13592.88,0.00,0.00,0.00,24.02
13619.71,0.00,0.00,0.00,24.35
13646.54,0.00,0.00,0.00,24.68
13673.37,0.00,0.00,0.00,24.73
13700.20,0.00,0.00,0.00,24.78
13727.03,0.00,0.00,0.00,24.71
13753.86,0.00,0.00,0.00,24.64
13780.69,0.00,0.00,0.00,24.58
13807.52,0.00,0.00,0.00,24.82
13834.36,0.00,0.00,0.00,25.06
13861.19,0.00,0.00,0.00,25.72
13888.02,0.00,0.00,0.00,26.38
13914.85,0.00,0.00,0.00,26.95
13941.68,0.00,0.00,0.00,27.52
13968.51,0.00,0.00,0.00,27.59
13995.34,0.00,0.00,0.00,27.67
14022.17,0.00,0.00,0.00,27.74
14049.00,0.00,0.00,0.00,27.48
14075.83,0.00,0.00,0.00,27.21
14102.66,0.00,0.00,0.00,26.61
14129.49,0.00,0.00,0.00,26.01
14156.32,0.00,0.00,0.00,24.87
14183.15,0.00,0.00,0.00,23.73
14209.98,0.00,0.00,0.00,22.65
14236.81,0.00,0.00,0.00,21.56
14263.64,0.00,0.00,0.00,20.47
14290.47,0.00,0.00,0.00,18.86
14317.30,0.00,0.00,0.00,17.25
14344.13,0.00,0.00,0.00,16.36
14370.96,0.00,0.00,0.00,15.48
14397.79,0.00,0.00,0.00,15.56
14424.62,0.00,0.00,0.00,15.64
14451.45,0.00,0.00,0.00,15.73
14478.28,0.00,0.00,0.00,16.14
14505.11,0.00,0.00,0.00,16.54
14531.94,0.00,0.00,0.00,16.21
14558.77,0.00,0.00,0.00,15.87
14585.60,0.00,0.00,0.00,15.16
14612.43,0.00,0.00,0.00,14.44
14639.26,0.00,0.00,0.00,14.37
14666.09,0.00,0.00,0.00,14.29
14692.92,0.00,0.00,0.00,14.22
14719.75,0.00,0.00,0.00,14.29
14746.58,0.00,0.00,0.00,14.36
14773.41,0.00,0.00,0.00,13.70
14800.24,0.00,0.00,0.00,13.04
14827.07,0.00,0.00,0.00,12.47
14853.90,0.00,0.00,0.00,11.89
14880.73,0.00,0.00,0.00,11.32
14907.56,0.00,0.00,0.00,11.44
14934.39,0.00,0.00,0.00,11.56
14961.22,0.00,0.00,0.00,12.73
14988.05,0.00,0.00,0.00,13.91
15014.88,0.00,0.00,0.00,15.03
15041.71,0.00,0.00,0.00,16.16
15068.54,0.00,0.00,0.00,16.26
15095.37,0.00,0.00,0.00,16.37
15122.20,0.00,0.00,0.00,16.47
15149.03,0.00,0.00,0.00,15.99
15175.86,0.00,0.00,0.00,15.51
15202.69,0.00,0.00,0.00,15.22
15229.52,0.00,0.00,0.00,14.93
15256.35,0.00,0.00,0.00,15.00
15283.18,0.00,0.00,0.00,15.07
15310.01,0.00,0.00,0.00,15.23
15336.84,0.00,0.00,0.00,15.38
15363.67,0.00,0.00,0.00,15.53
15390.50,0.00,0.00,0.00,15.88
15417.33,0.00,0.00,0.00,16.23
15444.16,0.00,0.00,0.00,16.35
15470.99,0.00,0.00,0.00,16.47
15497.82,0.00,0.00,0.00,16.08
15524.65,0.00,0.00,0.00,15.69
15551.48,0.00,0.00,0.00,15.30
15578.31,0.00,0.00,0.00,14.60
15605.14,0.00,0.00,0.00,13.90
15631.97,0.00,0.00,0.00,13.97
15658.80,0.00,0.00,0.00,14.04
15685.63,0.00,0.00,0.00,14.36
15712.46,0.00,0.00,0.00,14.67
15739.29,0.00,0.00,0.00,14.39
15766.12,0.00,0.00,0.00,14.12
15792.96,0.00,0.00,0.00,13.84
15819.79,0.00,0.00,0.00,13.13
15846.62,0.00,0.00,0.00,12.42
15873.45,0.00,0.00,0.00,12.21
15900.28,0.00,0.00,0.00,12.00
15927.11,0.00,0.00,0.00,11.99
15953.94,0.00,0.00,0.00,11.97
15980.77,0.00,0.00,0.00,11.96
16007.60,0.00,0.00,0.00,11.80
16034.43,0.00,0.00,0.00,11.63
16061.26,0.00,0.00,0.00,11.78
16088.09,0.00,0.00,0.00,11.93
16114.92,0.00,0.00,0.00,12.40
16141.75,0.00,0.00,0.00,12.87
16168.58,0.00,0.00,0.00,13.01
16195.41,0.00,0.00,0.00,13.16
16222.24,0.00,0.00,0.00,13.30
16249.07,0.00,0.00,0.00,13.19
16275.90,0.00,0.00,0.00,13.08
16302.73,0.00,0.00,0.00,12.79
16329.56,0.00,0.00,0.00,12.49
16356.39,0.00,0.00,0.00,11.76
16383.22,0.00,0.00,0.00,11.02
16410.05,0.00,0.00,0.00,10.30
16436.88,0.00,0.00,0.00,9.57
16463.71,0.00,0.00,0.00,8.84
16490.54,0.00,0.00,0.00,8.13
16517.37,0.00,0.00,0.00,7.42
16544.20,0.00,0.00,0.00,7.76
16571.03,0.00,0.00,0.00,8.09
16597.86,0.00,0.00,0.00,8.89
16624.69,0.00,0.00,0.00,9.68
16651.52,0.00,0.00,0.00,10.47
16678.35,0.00,0.00,0.00,11.37
16705.18,0.00,0.00,0.00,12.27
16732.01,0.00,0.00,0.00,11.86
16758.84,0.00,0.00,0.00,11.46
16785.67,0.00,0.00,0.00,10.23
16812.50,0.00,0.00,0.00,8.99
16839.33,0.00,0.00,0.00,8.58
16866.16,0.00,0.00,0.00,8.16
16892.99,0.00,0.00,0.00,7.75
16919.82,0.00,0.00,0.00,8.04
16946.65,0.00,0.00,0.00,8.34
16973.48,0.00,0.00,0.00,8.48
17000.31,0.00,0.00,0.00,8.61
17027.14,0.00,0.00,0.00,8.10
17053.97,0.00,0.00,0.00,7.59
17080.80,0.00,0.00,0.00,7.08
17107.63,0.00,0.00,0.00,5.70
17134.46,0.00,0.00,0.00,4.32
17161.29,0.00,0.00,0.00,3.09
17188.12,0.00,0.00,0.00,1.85
17214.95,0.00,0.00,0.00,1.45
17241.78,0.00,0.00,0.00,1.06
17268.61,0.00,0.00,0.00,1.25
17295.44,0.00,0.00,0.00,1.43
17322.27,0.00,0.00,0.00,1.62
17349.10,0.00,0.00,0.00,1.96
17375.93,0.00,0.00,0.00,2.30
17402.76,0.00,0.00,0.00,2.84
17429.59,0.00,0.00,0.00,3.38
17456.42,0.00,0.00,0.00,4.35
17483.25,0.00,0.00,0.00,5.33
17510.08,0.00,0.00,0.00,5.71
17536.91,0.00,0.00,0.00,6.08
17563.74,0.00,0.00,0.00,6.46
17590.57,0.00,0.00,0.00,5.99
17617.40,0.00,0.00,0.00,5.53
17644.23,0.00,0.00,0.00,4.87
17671.06,0.00,0.00,0.00,4.22
17697.89,0.00,0.00,0.00,4.11
17724.72,0.00,0.00,0.00,4.01
17751.55,0.00,0.00,0.00,3.91
17778.38,0.00,0.00,0.00,3.72
17805.21,0.00,0.00,0.00,3.53
17832.04,0.00,0.00,0.00,3.14
17858.87,0.00,0.00,0.00,2.75
17885.71,0.00,0.00,0.00,2.73
17912.54,0.00,0.00,0.00,2.71
17939.37,0.00,0.00,0.00,2.85
17966.20,0.00,0.00,0.00,2.98
17993.03,0.00,0.00,0.00,3.12
18019.86,0.00,0.00,0.00,2.85
18046.69,0.00,0.00,0.00,2.59
18073.52,0.00,0.00,0.00,1.86
18100.35,0.00,0.00,0.00,1.14
18127.18,0.00,0.00,0.00,0.76
18154.01,0.00,0.00,0.00,0.38
18180.84,0.00,0.00,0.00,0.00
18207.67,0.00,0.00,0.00,0.00
18234.50,0.00,0.00,0.00,0.00
18261.33,0.00,0.00,0.00,0.00
18288.16,0.00,0.00,0.00,0.00
18314.99,0.00,0.00,0.00,0.00
18341.82,0.00,0.00,0.00,0.00
18368.65,0.00,0.00,0.00,-0.49
18395.48,0.00,0.00,0.00,-0.97
18422.31,0.00,0.00,0.00,-1.46
18449.14,0.00,0.00,0.00,-1.95
18475.97,0.00,0.00,0.00,-2.44
18502.80,0.00,0.00,0.00,-2.22
18529.63,0.00,0.00,0.00,-2.00
18556.46,0.00,0.00,0.00,-1.32
18583.29,0.00,0.00,0.00,-0.65
18610.12,0.00,0.00,0.00,-0.43
18636.95,0.00,0.00,0.00,-0.22
18663.78,0.00,0.00,0.00,0.00
18690.61,0.00,0.00,0.00,-0.23
18717.44,0.00,0.00,0.00,-0.45
18744.27,0.00,0.00,0.00,-1.41
18771.10,0.00,0.00,0.00,-2.37
18797.93,0.00,0.00,0.00,-2.96
18824.76,0.00,0.00,0.00,-3.55
18851.59,0.00,0.00,0.00,-4.14
18878.42,0.00,0.00,0.00,-4.25
18905.25,0.00,0.00,0.00,-4.37
18932.08,0.00,0.00,0.00,-4.20
18958.91,0.00,0.00,0.00,-4.04
18985.74,0.00,0.00,0.00,-4.62
19012.57,0.00,0.00,0.00,-5.21
19039.40,0.00,0.00,0.00,-6.02
19066.23,0.00,0.00,0.00,-6.82
19093.06,0.00,0.00,0.00,-7.63
19119.89,0.00,0.00,0.00,-8.43
19146.72,0.00,0.00,0.00,-9.22
19173.55,0.00,0.00,0.00,-9.29
19200.38,0.00,0.00,0.00,-9.36
19227.21,0.00,0.00,0.00,-9.23
19254.04,0.00,0.00,0.00,-9.10
19280.87,0.00,0.00,0.00,-8.97
19307.70,0.00,0.00,0.00,-8.75
19334.53,0.00,0.00,0.00,-8.53
19361.36,0.00,0.00,0.00,-8.27
19388.19,0.00,0.00,0.00,-8.01
19415.02,0.00,0.00,0.00,-7.93
19441.85,0.00,0.00,0.00,-7.85
19468.68,0.00,0.00,0.00,-8.16
19495.51,0.00,0.00,0.00,-8.46
19522.34,0.00,0.00,0.00,-8.76
19549.17,0.00,0.00,0.00,-9.61
19576.00,0.00,0.00,0.00,-10.46
19602.83,0.00,0.00,0.00,-11.03
19629.66,0.00,0.00,0.00,-11.60
19656.49,0.00,0.00,0.00,-11.55
19683.32,0.00,0.00,0.00,-11.50
19710.15,0.00,0.00,0.00,-11.35
19736.98,0.00,0.00,0.00,-11.20
19763.81,0.00,0.00,0.00,-11.05
19790.64,0.00,0.00,0.00,-11.11
19817.47,0.00,0.00,0.00,-11.17
19844.30,0.00,0.00,0.00,-11.55
19871.13,0.00,0.00,0.00,-11.94
19897.96,0.00,0.00,0.00,-12.30
19924.79,0.00,0.00,0.00,-12.66
19951.62,0.00,0.00,0.00,-13.03
19978.46,0.00,0.00,0.00,-13.38
20005.29,0.00,0.00,0.00,-13.73
20032.12,0.00,0.00,0.00,-13.39
20058.95,0.00,0.00,0.00,-13.04
20085.78,0.00,0.00,0.00,-11.95
20112.61,0.00,0.00,0.00,-10.85
20139.44,0.00,0.00,0.00,-9.94
20166.27,0.00,0.00,0.00,-9.03
20193.10,0.00,0.00,0.00,-8.12
20219.93,0.00,0.00,0.00,-6.97
20246.76,0.00,0.00,0.00,-5.83
20273.59,0.00,0.00,0.00,-5.28
20300.42,0.00,0.00,0.00,-4.72
20327.25,0.00,0.00,0.00,-4.79
20354.08,0.00,0.00,0.00,-4.87
20380.91,0.00,0.00,0.00,-4.94
20407.74,0.00,0.00,0.00,-5.31
20434.57,0.00,0.00,0.00,-5.69
20461.40,0.00,0.00,0.00,-5.93
20488.23,0.00,0.00,0.00,-6.17
20515.06,0.00,0.00,0.00,-6.25
20541.89,0.00,0.00,0.00,-6.33
20568.72,0.00,0.00,0.00,-6.29
20595.55,0.00,0.00,0.00,-6.26
20622.38,0.00,0.00,0.00,-6.23
20649.21,0.00,0.00,0.00,-6.18
20676.04,0.00,0.00,0.00,-6.13
20702.87,0.00,0.00,0.00,-6.31
20729.70,0.00,0.00,0.00,-6.48
20756.53,0.00,0.00,0.00,-6.57
20783.36,0.00,0.00,0.00,-6.66
20810.19,0.00,0.00,0.00,-6.21
20837.02,0.00,0.00,0.00,-5.76
20863.85,0.00,0.00,0.00,-5.30
20890.68,0.00,0.00,0.00,-3.88
20917.51,0.00,0.00,0.00,-2.46
20944.34,0.00,0.00,0.00,-1.31
20971.17,0.00,0.00,0.00,-0.17
20998.00,0.00,0.00,0.00,-0.12
21024.83,0.00,0.00,0.00,-0.06
21051.66,0.00,0.00,0.00,0.00
21078.49,0.00,0.00,0.00,-0.04
21105.32,0.00,0.00,0.00,-0.07
21132.15,0.00,0.00,0.00,-0.04
21158.98,0.00,0.00,0.00,0.00
21185.81,0.00,0.00,0.00,0.00
21212.64,0.00,0.00,0.00,0.00
21239.47,0.00,0.00,0.00,0.00
21266.30,0.00,0.00,0.00,0.00
21293.13,0.00,0.00,0.00,0.00
21319.96,0.00,0.00,0.00,0.00
21346.79,0.00,0.00,0.00,0.00
21373.62,0.00,0.00,0.00,0.00
21400.45,0.00,0.00,0.00,0.00
21427.28,0.00,0.00,0.00,0.00
21454.11,0.00,0.00,0.00,0.00
21480.94,0.00,0.00,0.00,0.00
21507.77,0.00,0.00,0.00,0.43
21534.60,0.00,0.00,0.00,0.86
21561.43,0.00,0.00,0.00,1.06
21588.26,0.00,0.00,0.00,1.26
21615.09,0.00,0.00,0.00,1.68
21641.92,0.00,0.00,0.00,2.09
21668.75,0.00,0.00,0.00,2.40
21695.58,0.00,0.00,0.00,2.70
21722.41,0.00,0.00,0.00,3.00
21749.24,0.00,0.00,0.00,2.73
21776.07,0.00,0.00,0.00,2.46
21802.90,0.00,0.00,0.00,1.58
21829.73,0.00,0.00,0.00,0.70
21856.56,0.00,0.00,0.00,0.35
21883.40,0.00,0.00,0.00,0.00
21910.23,0.00,0.00,0.00,0.12
21937.06,0.00,0.00,0.00,0.24
21963.89,0.00,0.00,0.00,0.36
21990.72,0.00,0.00,0.00,0.47
22017.55,0.00,0.00,0.00,0.58
22044.38,0.00,0.00,0.00,0.45
22071.21,0.00,0.00,0.00,0.32
22098.04,0.00,0.00,0.00,0.50
22124.87,0.00,0.00,0.00,0.68
22151.70,0.00,0.00,0.00,0.86
22178.53,0.00,0.00,0.00,1.62
22205.36,0.00,0.00,0.00,2.39
